SNo,Label
1,1
2,1
3,1
4,1
5,1
6,1
7,1
8,1
9,1
10,1
11,1
12,1
13,1
14,1
15,1
16,1
17,1
18,1
19,1
20,1
21,2
22,2
23,2
24,2
25,2
26,2
27,2
28,2
29,2
30,2
31,2
32,2
33,2
34,2
35,2
36,2
37,2
38,2
39,1
40,1
41,1
42,0
43,0
44,1
45,1
46,1
47,2
48,2
49,1
50,1
51,1
52,0
53,1
54,2
55,0
56,0
57,1
58,1
59,1
60,1
61,2
62,2
63,2
64,2
65,2
66,0
67,0
68,1
69,1
70,1
71,2
72,2
73,2
74,2
75,2
76,1
77,0
78,2
79,1
80,1
81,1
82,0
83,1
84,1
85,2
86,0
87,0
88,2
89,1
90,2
91,1
92,1
93,0
94,0
95,2
96,1
97,1
98,2
99,0
100,1
101,1
102,1
103,2
104,2
105,0
106,2
107,2
108,1
109,1
110,2
111,2
112,0
113,0
114,0
115,0
116,0
117,2
118,1
119,0
120,0
121,2
122,1
123,0
124,0
125,2
126,2
127,2
128,2
129,2
130,1
131,1
132,2
133,2
134,2
135,2
136,1
137,1
138,2
139,2
140,2
141,2
142,2
143,2
144,2
145,2
146,1
147,0
148,0
149,0
150,0
151,0
152,1
153,1
154,2
155,0
156,2
157,2
158,2
159,2
160,2
161,1
162,1
163,1
164,1
165,2
166,2
167,1
168,1
169,0
170,0
171,2
172,2
173,2
174,1
175,1
176,2
177,2
178,0
179,0
180,2
181,2
182,2
183,2
184,2
185,2
186,2
187,1
188,0
189,0
190,1
191,2
192,2
193,2
194,1
195,0
196,0
197,2
198,2
199,2
200,2
201,2
202,2
203,2
204,2
205,1
206,2
207,0
208,0
209,0
210,0
211,1
212,1
213,1
214,2
215,2
216,2
217,2
218,2
219,2
220,1
221,1
222,1
223,1
224,1
225,1
226,2
227,2
228,2
229,0
230,0
231,0
232,0
233,0
234,0
235,2
236,2
237,2
238,2
239,0
240,0
241,2
242,2
243,2
244,0
245,0
246,1
247,2
248,2
249,2
250,2
251,2
252,2
253,2
254,2
255,1
256,2
257,2
258,2
259,0
260,1
261,1
262,2
263,2
264,2
265,2
266,2
267,2
268,2
269,1
270,2
271,2
272,2
273,2
274,2
275,2
276,2
277,2
278,0
279,1
280,1
281,1
282,1
283,1
284,1
285,1
286,1
287,1
288,1
289,0
290,2
291,2
292,2
293,2
294,0
295,2
296,2
297,2
298,2
299,2
300,2
301,2
302,2
303,2
304,1
305,1
306,1
307,2
308,2
309,2
310,2
311,2
312,2
313,2
314,1
315,1
316,1
317,1
318,1
319,2
320,2
321,2
322,2
323,2
324,2
325,1
326,1
327,0
328,2
329,2
330,2
331,2
332,1
333,1
334,1
335,1
336,1
337,1
338,0
339,2
340,2
341,0
342,2
343,2
344,2
345,2
346,1
347,1
348,2
349,2
350,2
351,2
352,2
353,2
354,2
355,2
356,2
357,2
358,2
359,0
360,0
361,2
362,2
363,2
364,2
365,2
366,2
367,2
368,2
369,2
370,1
371,1
372,2
373,2
374,2
375,2
376,2
377,2
378,2
379,2
380,1
381,1
382,1
383,1
384,1
385,1
386,1
387,1
388,2
389,2
390,2
391,2
392,2
393,2
394,2
395,2
396,2
397,2
398,2
399,1
400,1
401,1
402,2
403,2
404,2
405,1
406,1
407,1
408,0
409,2
410,2
411,2
412,2
413,2
414,2
415,2
416,2
417,2
418,2
419,2
420,1
421,1
422,1
423,1
424,2
425,2
426,2
427,2
428,2
429,2
430,2
431,2
432,2
433,2
434,2
435,2
436,2
437,1
438,1
439,1
440,1
441,2
442,2
443,1
444,1
445,2
446,2
447,1
448,1
449,1
450,2
451,2
452,2
453,2
454,2
455,2
456,2
457,2
458,2
459,2
460,2
461,0
462,2
463,2
464,2
465,0
466,1
467,1
468,1
469,1
470,1
471,1
472,1
473,1
474,1
475,1
476,1
477,1
478,1
479,1
480,2
481,2
482,2
483,1
484,1
485,1
486,2
487,2
488,2
489,0
490,2
491,2
492,2
493,1
494,1
495,2
496,2
497,2
498,2
499,2
500,2
501,1
502,1
503,2
504,2
505,2
506,2
507,1
508,1
509,1
510,1
511,2
512,2
513,2
514,2
515,1
516,1
517,1
518,2
519,1
520,1
521,1
522,1
523,1
524,2
525,2
526,2
527,2
528,2
529,2
530,2
531,2
532,2
533,1
534,1
535,1
536,2
537,2
538,2
539,2
540,2
541,2
542,1
543,1
544,0
545,2
546,2
547,2
548,2
549,0
550,2
551,2
552,2
553,2
554,1
555,1
556,2
557,2
558,2
559,2
560,1
561,1
562,1
563,2
564,2
565,1
566,1
567,2
568,0
569,1
570,1
571,1
572,1
573,1
574,1
575,1
576,1
577,1
578,1
579,1
580,2
581,2
582,1
583,1
584,1
585,1
586,2
587,2
588,2
589,2
590,1
591,1
592,1
593,1
594,1
595,1
596,2
597,1
598,1
599,2
600,2
601,2
602,2
603,2
604,2
605,1
606,1
607,1
608,1
609,1
610,1
611,1
612,1
613,1
614,1
615,2
616,2
617,2
618,2
619,2
620,2
621,0
622,2
623,2
624,1
625,1
626,2
627,2
628,2
629,2
630,2
631,2
632,2
633,2
634,1
635,1
636,1
637,1
638,1
639,1
640,1
641,1
642,1
643,1
644,1
645,1
646,1
647,1
648,2
649,2
650,1
651,1
652,2
653,2
654,2
655,1
656,1
657,1
658,1
659,2
660,2
661,1
662,1
663,1
664,1
665,2
666,2
667,1
668,1
669,1
670,0
671,2
672,2
673,2
674,1
675,1
676,1
677,2
678,2
679,2
680,2
681,2
682,2
683,2
684,2
685,2
686,2
687,2
688,2
689,2
690,2
691,1
692,1
693,1
694,1
695,1
696,1
697,1
698,1
699,1
700,2
701,1
702,1
703,1
704,1
705,1
706,1
707,1
708,1
709,1
710,1
711,0
712,1
713,1
714,2
715,2
716,2
717,2
718,2
719,2
720,2
721,1
722,1
723,2
724,2
725,2
726,1
727,1
728,1
729,0
730,2
731,1
732,2
733,2
734,1
735,1
736,2
737,2
738,2
739,2
740,1
741,1
742,1
743,2
744,2
745,2
746,1
747,1
748,1
749,1
750,0
751,0
752,0
753,0
754,1
755,1
756,1
757,1
758,0
759,0
760,1
761,1
762,0
763,0
764,2
765,2
766,2
767,2
768,2
769,2
770,2
771,1
772,2
773,2
774,2
775,2
776,2
777,2
778,2
779,2
780,1
781,1
782,1
783,1
784,1
785,1
786,1
787,1
788,2
789,2
790,1
791,1
792,2
793,2
794,2
795,2
796,2
797,0
798,0
799,1
800,1
801,2
802,2
803,2
804,2
805,2
806,1
807,2
808,2
809,2
810,2
811,2
812,2
813,2
814,2
815,2
816,2
817,2
818,2
819,2
820,2
821,2
822,2
823,2
824,1
825,1
826,1
827,1
828,1
829,1
830,0
831,1
832,1
833,1
834,1
835,2
836,2
837,2
838,2
839,1
840,2
841,2
842,2
843,2
844,2
845,1
846,1
847,1
848,2
849,2
850,2
851,2
852,2
853,2
854,2
855,1
856,0
857,0
858,2
859,2
860,2
861,2
862,2
863,2
864,2
865,2
866,2
867,2
868,2
869,1
870,1
871,1
872,1
873,0
874,0
875,2
876,2
877,2
878,2
879,1
880,2
881,2
882,2
883,2
884,2
885,1
886,1
887,2
888,2
889,2
890,0
891,0
892,0
893,2
894,2
895,2
896,2
897,0
898,0
899,1
900,1
901,0
902,0
903,0
904,0
905,2
906,2
907,2
908,2
909,2
910,2
911,2
912,1
913,1
914,2
915,0
916,0
917,1
918,1
919,2
920,2
921,2
922,1
923,1
924,2
925,1
926,2
927,2
928,1
929,0
930,0
931,2
932,2
933,2
934,2
935,2
936,2
937,2
938,2
939,1
940,1
941,1
942,1
943,2
944,2
945,0
946,2
947,2
948,2
949,2
950,2
951,2
952,2
953,2
954,2
955,2
956,2
957,2
958,1
959,1
960,2
961,2
962,2
963,2
964,2
965,2
966,1
967,1
968,1
969,1
970,2
971,0
972,1
973,1
974,1
975,1
976,1
977,2
978,2
979,2
980,2
981,2
982,2
983,1
984,1
985,2
986,2
987,0
988,0
989,1
990,1
991,1
992,2
993,2
994,0
995,2
996,2
997,0
998,0
999,2
1000,2
1001,2
1002,2
1003,2
1004,2
1005,2
1006,2
1007,1
1008,1
1009,2
1010,2
1011,2
1012,1
1013,1
1014,2
1015,2
1016,2
1017,2
1018,2
1019,2
1020,2
1021,2
1022,2
1023,2
1024,1
1025,0
1026,1
1027,1
1028,1
1029,2
1030,2
1031,2
1032,2
1033,2
1034,2
1035,1
1036,2
1037,1
1038,1
1039,2
1040,1
1041,1
1042,0
1043,2
1044,2
1045,2
1046,2
1047,0
1048,0
1049,2
1050,0
1051,1
1052,1
1053,0
1054,0
1055,2
1056,2
1057,2
1058,2
1059,2
1060,2
1061,2
1062,2
1063,2
1064,2
1065,1
1066,2
1067,2
1068,0
1069,0
1070,0
1071,2
1072,2
1073,0
1074,0
1075,2
1076,1
1077,2
1078,1
1079,1
1080,0
1081,0
1082,0
1083,1
1084,2
1085,2
1086,2
1087,2
1088,1
1089,1
1090,2
1091,2
1092,2
1093,2
1094,2
1095,2
1096,1
1097,2
1098,2
1099,0
1100,0
1101,0
1102,0
1103,1
1104,1
1105,2
1106,2
1107,2
1108,1
1109,1
1110,2
1111,2
1112,2
1113,2
1114,2
1115,2
1116,2
1117,0
1118,1
1119,1
1120,0
1121,0
1122,1
1123,1
1124,2
1125,2
1126,2
1127,2
1128,1
1129,1
1130,2
1131,2
1132,2
1133,2
1134,2
1135,0
1136,0
1137,2
1138,1
1139,1
1140,2
1141,2
1142,2
1143,0
1144,0
1145,1
1146,1
1147,2
1148,2
1149,2
1150,2
1151,2
1152,2
1153,0
1154,0
1155,2
1156,2
1157,1
1158,1
1159,2
1160,2
1161,1
1162,1
1163,1
1164,1
1165,2
1166,2
1167,0
1168,0
1169,0
1170,0
1171,2
1172,2
1173,2
1174,2
1175,2
1176,2
1177,2
1178,2
1179,1
1180,1
1181,2
1182,2
1183,0
1184,0
1185,1
1186,1
1187,1
1188,1
1189,2
1190,2
1191,2
1192,2
1193,2
1194,1
1195,1
1196,2
1197,2
1198,2
1199,1
1200,1
1201,2
1202,2
1203,2
1204,2
1205,2
1206,1
1207,0
1208,0
1209,0
1210,2
1211,2
1212,2
1213,1
1214,2
1215,1
1216,1
1217,0
1218,0
1219,0
1220,2
1221,2
1222,0
1223,0
1224,0
1225,0
1226,2
1227,2
1228,1
1229,1
1230,2
1231,2
1232,1
1233,0
1234,0
1235,0
1236,2
1237,2
1238,2
1239,2
1240,2
1241,1
1242,1
1243,1
1244,1
1245,1
1246,1
1247,1
1248,1
1249,2
1250,2
1251,2
1252,2
1253,0
1254,0
1255,0
1256,0
1257,2
1258,1
1259,1
1260,2
1261,2
1262,1
1263,1
1264,1
1265,1
1266,1
1267,1
1268,2
1269,2
1270,2
1271,2
1272,2
1273,2
1274,2
1275,2
1276,1
1277,2
1278,1
1279,1
1280,0
1281,1
1282,1
1283,1
1284,1
1285,2
1286,2
1287,0
1288,0
1289,0
1290,0
1291,0
1292,0
1293,0
1294,0
1295,0
1296,0
1297,2
1298,1
1299,1
1300,2
1301,2
1302,0
1303,0
1304,2
1305,2
1306,2
1307,2
1308,2
1309,0
1310,0
1311,1
1312,1
1313,2
1314,2
1315,2
1316,2
1317,1
1318,1
1319,1
1320,1
1321,1
1322,1
1323,2
1324,2
1325,2
1326,2
1327,1
1328,1
1329,1
1330,1
1331,0
1332,0
1333,2
1334,0
1335,0
1336,0
1337,0
1338,0
1339,1
1340,1
1341,1
1342,1
1343,1
1344,1
1345,1
1346,1
1347,1
1348,1
1349,2
1350,0
1351,0
1352,1
1353,1
1354,2
1355,2
1356,2
1357,0
1358,0
1359,1
1360,0
1361,1
1362,1
1363,2
1364,2
1365,2
1366,0
1367,0
1368,0
1369,0
1370,2
1371,2
1372,2
1373,0
1374,0
1375,1
1376,1
1377,0
1378,0
1379,0
1380,0
1381,0
1382,2
1383,2
1384,1
1385,1
1386,1
1387,1
1388,1
1389,1
1390,1
1391,1
1392,0
1393,0
1394,1
1395,1
1396,2
1397,2
1398,2
1399,1
1400,1
1401,0
1402,0
1403,2
1404,1
1405,1
1406,0
1407,0
1408,2
1409,2
1410,2
1411,2
1412,0
1413,0
1414,0
1415,0
1416,1
1417,1
1418,2
1419,2
1420,2
1421,2
1422,2
1423,0
1424,0
1425,0
1426,0
1427,0
1428,1
1429,1
1430,0
1431,1
1432,1
1433,0
1434,0
1435,1
1436,1
1437,1
1438,1
1439,0
1440,0
1441,0
1442,0
1443,0
1444,0
1445,0
1446,0
1447,2
1448,1
1449,1
1450,0
1451,2
1452,2
1453,0
1454,0
1455,0
1456,0
1457,2
1458,2
1459,2
1460,2
1461,2
1462,2
1463,2
1464,1
1465,1
1466,1
1467,1
1468,1
1469,1
1470,2
1471,2
1472,2
1473,2
1474,1
1475,1
1476,2
1477,2
1478,0
1479,0
1480,2
1481,2
1482,1
1483,1
1484,2
1485,2
1486,2
1487,2
1488,2
1489,2
1490,0
1491,0
1492,0
1493,2
1494,0
1495,0
1496,0
1497,0
1498,0
1499,1
1500,1
1501,2
1502,1
1503,1
1504,0
1505,0
1506,2
1507,2
1508,2
1509,2
1510,2
1511,2
1512,1
1513,1
1514,1
1515,1
1516,1
1517,2
1518,2
1519,1
1520,1
1521,2
1522,2
1523,1
1524,1
1525,2
1526,2
1527,2
1528,2
1529,0
1530,0
1531,0
1532,1
1533,1
1534,0
1535,0
1536,0
1537,1
1538,1
1539,0
1540,0
1541,1
1542,1
1543,0
1544,0
1545,0
1546,0
1547,0
1548,0
1549,2
1550,2
1551,2
1552,1
1553,1
1554,0
1555,0
1556,0
1557,0
1558,0
1559,0
1560,1
1561,1
1562,0
1563,2
1564,2
1565,2
1566,2
1567,1
1568,1
1569,1
1570,1
1571,1
1572,0
1573,0
1574,2
1575,2
1576,2
1577,1
1578,1
1579,1
1580,1
1581,1
1582,1
1583,0
1584,0
1585,1
1586,1
1587,2
1588,2
1589,2
1590,2
1591,2
1592,1
1593,1
1594,0
1595,0
1596,0
1597,2
1598,2
1599,1
1600,1
1601,2
1602,2
1603,2
1604,0
1605,0
1606,0
1607,0
1608,1
1609,1
1610,2
1611,2
1612,0
1613,0
1614,2
1615,1
1616,1
1617,0
1618,0
1619,0
1620,0
1621,0
1622,0
1623,0
1624,2
1625,2
1626,2
1627,0
1628,0
1629,2
1630,2
1631,2
1632,2
1633,0
1634,0
1635,1
1636,2
1637,2
1638,2
1639,2
1640,0
1641,0
1642,0
1643,0
1644,0
1645,0
1646,0
1647,2
1648,2
1649,1
1650,1
1651,0
1652,0
1653,2
1654,2
1655,0
1656,2
1657,1
1658,1
1659,1
1660,1
1661,0
1662,0
1663,0
1664,0
1665,2
1666,2
1667,2
1668,0
1669,0
1670,0
1671,0
1672,2
1673,2
1674,2
1675,2
1676,2
1677,1
1678,1
1679,0
1680,0
1681,0
1682,0
1683,2
1684,2
1685,1
1686,1
1687,2
1688,2
1689,2
1690,2
1691,2
1692,2
1693,1
1694,1
1695,0
1696,0
1697,0
1698,0
1699,2
1700,0
1701,0
1702,0
1703,0
1704,0
1705,1
1706,1
1707,0
1708,0
1709,1
1710,1
1711,1
1712,1
1713,2
1714,2
1715,2
1716,2
1717,0
1718,0
1719,1
1720,1
1721,2
1722,2
1723,1
1724,1
1725,1
1726,1
1727,2
1728,1
1729,0
1730,0
1731,0
1732,0
1733,0
1734,0
1735,1
1736,1
1737,0
1738,0
1739,1
1740,1
1741,0
1742,0
1743,0
1744,0
1745,0
1746,2
1747,2
1748,2
1749,1
1750,2
1751,2
1752,2
1753,1
1754,2
1755,2
1756,2
1757,0
1758,0
1759,0
1760,0
1761,0
1762,0
1763,0
1764,0
1765,2
1766,0
1767,0
1768,1
1769,1
1770,1
1771,1
1772,2
1773,2
1774,2
1775,2
1776,0
1777,0
1778,0
1779,0
1780,0
1781,0
1782,0
1783,2
1784,1
1785,1
1786,1
1787,1
1788,1
1789,2
1790,2
1791,1
1792,1
1793,0
1794,0
1795,0
1796,2
1797,2
1798,2
1799,1
1800,1
1801,0
1802,0
1803,0
1804,0
1805,0
1806,0
1807,0
1808,0
1809,0
1810,0
1811,2
1812,1
1813,1
1814,0
1815,0
1816,0
1817,0
1818,0
1819,1
1820,1
1821,0
1822,0
1823,1
1824,1
1825,1
1826,1
1827,1
1828,1
1829,1
1830,1
1831,0
1832,0
1833,0
1834,0
1835,0
1836,0
1837,0
1838,0
1839,1
1840,2
1841,1
1842,1
1843,2
1844,2
1845,2
1846,2
1847,2
1848,0
1849,0
1850,2
1851,2
1852,2
1853,2
1854,2
1855,1
1856,1
1857,0
1858,0
1859,2
1860,0
1861,0
1862,0
1863,2
1864,0
1865,0
1866,2
1867,2
1868,2
1869,0
1870,0
1871,0
1872,0
1873,2
1874,2
1875,2
1876,0
1877,0
1878,2
1879,2
1880,2
1881,2
1882,2
1883,1
1884,1
1885,0
1886,0
1887,0
1888,0
1889,1
1890,1
1891,1
1892,1
1893,0
1894,0
1895,1
1896,1
1897,0
1898,2
1899,1
1900,1
1901,2
1902,1
1903,1
1904,1
1905,2
1906,0
1907,0
1908,0
1909,2
1910,2
1911,2
1912,2
1913,2
1914,2
1915,2
1916,2
1917,2
1918,1
1919,1
1920,0
1921,0
1922,2
1923,2
1924,2
1925,2
1926,1
1927,1
1928,0
1929,0
1930,1
1931,1
1932,2
1933,1
1934,1
1935,0
1936,0
1937,0
1938,1
1939,1
1940,2
1941,2
1942,2
1943,0
1944,0
1945,0
1946,2
1947,1
1948,1
1949,0
1950,0
1951,0
1952,2
1953,2
1954,2
1955,0
1956,0
1957,0
1958,0
1959,0
1960,0
1961,0
1962,2
1963,2
1964,2
1965,2
1966,2
1967,2
1968,2
1969,2
1970,0
1971,0
1972,0
1973,0
1974,1
1975,2
1976,2
1977,0
1978,0
1979,0
1980,0
1981,0
1982,0
1983,0
1984,0
1985,0
1986,0
1987,0
1988,0
1989,0
1990,0
1991,0
1992,2
1993,2
1994,2
1995,2
1996,2
1997,0
1998,0
1999,1
2000,1
2001,1
2002,2
2003,2
2004,2
2005,2
2006,0
2007,0
2008,2
2009,0
2010,2
2011,2
2012,1
2013,1
2014,2
2015,2
2016,0
2017,2
2018,2
2019,2
2020,2
2021,1
2022,1
2023,0
2024,0
2025,0
2026,0
2027,0
2028,1
2029,1
2030,0
2031,0
2032,2
2033,2
2034,0
2035,0
2036,0
2037,0
2038,0
2039,0
2040,2
2041,2
2042,2
2043,1
2044,1
2045,0
2046,0
2047,1
2048,2
2049,2
2050,2
2051,2
2052,1
2053,0
2054,0
2055,0
2056,0
2057,2
2058,2
2059,2
2060,2
2061,2
2062,0
2063,0
2064,0
2065,0
2066,1
2067,1
2068,2
2069,2
2070,2
2071,0
2072,0
2073,0
2074,1
2075,2
2076,2
2077,2
2078,2
2079,0
2080,2
2081,0
2082,0
2083,0
2084,2
2085,0
2086,0
2087,0
2088,0
2089,0
2090,0
2091,1
2092,1
2093,1
2094,2
2095,2
2096,2
2097,2
2098,1
2099,2
2100,0
2101,2
2102,2
2103,2
2104,2
2105,1
2106,2
2107,0
2108,0
2109,0
2110,2
2111,2
2112,2
2113,0
2114,2
2115,2
2116,2
2117,1
2118,0
2119,0
2120,1
2121,1
2122,0
2123,0
2124,0
2125,0
2126,0
2127,0
2128,0
2129,0
2130,0
2131,0
2132,0
2133,0
2134,2
2135,1
2136,1
2137,0
2138,1
2139,1
2140,1
2141,1
2142,1
2143,1
2144,1
2145,0
2146,0
2147,0
2148,0
2149,2
2150,2
2151,2
2152,2
2153,2
2154,2
2155,2
2156,0
2157,0
2158,0
2159,0
2160,0
2161,0
2162,0
2163,0
2164,0
2165,1
2166,1
2167,1
2168,1
2169,1
2170,1
2171,0
2172,0
2173,0
2174,0
2175,2
2176,0
2177,0
2178,2
2179,2
2180,2
2181,1
2182,1
2183,0
2184,0
2185,0
2186,1
2187,1
2188,2
2189,2
2190,2
2191,2
2192,2
2193,2
2194,2
2195,2
2196,2
2197,1
2198,1
2199,2
2200,2
2201,1
2202,1
2203,1
2204,1
2205,0
2206,0
2207,0
2208,0
2209,2
2210,2
2211,0
2212,0
2213,2
2214,2
2215,1
2216,1
2217,0
2218,0
2219,0
2220,0
2221,0
2222,0
2223,2
2224,2
2225,0
2226,0
2227,0
2228,0
2229,0
2230,0
2231,0
2232,0
2233,2
2234,2
2235,2
2236,2
2237,0
2238,0
2239,0
2240,0
2241,2
2242,2
2243,2
2244,2
2245,2
2246,2
2247,0
2248,0
2249,1
2250,1
2251,1
2252,0
2253,2
2254,2
2255,1
2256,1
2257,1
2258,1
2259,1
2260,0
2261,0
2262,0
2263,0
2264,0
2265,2
2266,2
2267,2
2268,0
2269,0
2270,1
2271,0
2272,0
2273,1
2274,1
2275,2
2276,2
2277,2
2278,2
2279,2
2280,0
2281,0
2282,2
2283,2
2284,2
2285,1
2286,1
2287,2
2288,2
2289,0
2290,0
2291,0
2292,1
2293,1
2294,1
2295,1
2296,1
2297,1
2298,1
2299,2
2300,2
2301,1
2302,1
2303,2
2304,2
2305,2
2306,2
2307,0
2308,1
2309,1
2310,1
2311,1
2312,1
2313,2
2314,2
2315,2
2316,2
2317,0
2318,0
2319,2
2320,2
2321,2
2322,2
2323,2
2324,2
2325,2
2326,2
2327,2
2328,2
2329,2
2330,2
2331,0
2332,0
2333,0
2334,2
2335,2
2336,0
2337,2
2338,2
2339,2
2340,2
2341,0
2342,0
2343,2
2344,2
2345,2
2346,2
2347,1
2348,1
2349,1
2350,1
2351,1
2352,1
2353,1
2354,0
2355,1
2356,1
2357,1
2358,1
2359,0
2360,0
2361,2
2362,0
2363,0
2364,1
2365,1
2366,2
2367,2
2368,2
2369,2
2370,0
2371,0
2372,2
2373,1
2374,1
2375,2
2376,2
2377,1
2378,2
2379,2
2380,2
2381,1
2382,1
2383,2
2384,0
2385,2
2386,2
2387,2
2388,2
2389,0
2390,0
2391,0
2392,0
2393,2
2394,1
2395,1
2396,1
2397,1
2398,1
2399,1
2400,0
2401,0
2402,2
2403,2
2404,2
2405,0
2406,0
2407,0
2408,0
2409,0
2410,0
2411,0
2412,0
2413,0
2414,0
2415,0
2416,0
2417,2
2418,2
2419,2
2420,2
2421,0
2422,0
2423,0
2424,0
2425,0
2426,0
2427,1
2428,1
2429,1
2430,1
2431,2
2432,2
2433,1
2434,1
2435,1
2436,1
2437,2
2438,1
2439,0
2440,0
2441,1
2442,1
2443,1
2444,1
2445,1
2446,1
2447,1
2448,2
2449,1
2450,1
2451,1
2452,1
2453,2
2454,2
2455,2
2456,1
2457,1
2458,1
2459,2
2460,2
2461,0
2462,0
2463,0
2464,0
2465,0
2466,2
2467,2
2468,2
2469,2
2470,1
2471,1
2472,1
2473,0
2474,1
2475,1
2476,0
2477,2
2478,0
2479,0
2480,0
2481,2
2482,0
2483,0
2484,0
2485,0
2486,1
2487,1
2488,1
2489,2
2490,2
2491,0
2492,1
2493,1
2494,1
2495,1
2496,1
2497,1
2498,0
2499,0
2500,2
2501,0
2502,0
2503,0
2504,1
2505,1
2506,2
2507,2
2508,2
2509,0
2510,0
2511,1
2512,0
2513,0
2514,0
2515,2
2516,0
2517,0
2518,0
2519,1
2520,1
2521,1
2522,1
2523,1
2524,1
2525,2
2526,2
2527,2
2528,0
2529,0
2530,0
2531,0
2532,0
2533,2
2534,0
2535,0
2536,0
2537,0
2538,2
2539,1
2540,1
2541,0
2542,0
2543,0
2544,1
2545,1
2546,0
2547,0
2548,2
2549,2
2550,0
2551,0
2552,1
2553,1
2554,2
2555,1
2556,1
2557,0
2558,0
2559,1
2560,1
2561,2
2562,2
2563,2
2564,2
2565,1
2566,1
2567,2
2568,2
2569,1
2570,1
2571,1
2572,1
2573,2
2574,2
2575,2
2576,0
2577,1
2578,1
2579,1
2580,1
2581,0
2582,0
2583,0
2584,0
2585,0
2586,0
2587,0
2588,0
2589,2
2590,2
2591,2
2592,0
2593,0
2594,2
2595,2
2596,2
2597,0
2598,2
2599,2
2600,2
2601,0
2602,0
2603,0
2604,0
2605,1
2606,1
2607,2
2608,2
2609,2
2610,2
2611,1
2612,2
2613,0
2614,0
2615,0
2616,2
2617,1
2618,1
2619,0
2620,0
2621,0
2622,0
2623,2
2624,0
2625,0
2626,0
2627,0
2628,1
2629,1
2630,0
2631,0
2632,2
2633,0
2634,2
2635,2
2636,0
2637,0
2638,0
2639,0
2640,0
2641,1
2642,1
2643,0
2644,0
2645,1
2646,0
2647,0
2648,2
2649,2
2650,2
2651,2
2652,0
2653,2
2654,2
2655,2
2656,2
2657,2
2658,0
2659,0
2660,1
2661,1
2662,2
2663,0
2664,0
2665,2
2666,0
2667,0
2668,1
2669,2
2670,2
2671,0
2672,0
2673,0
2674,0
2675,0
2676,0
2677,2
2678,1
2679,1
2680,1
2681,1
2682,1
2683,2
2684,2
2685,2
2686,0
2687,0
2688,1
2689,1
2690,1
2691,2
2692,2
2693,2
2694,2
2695,2
2696,2
2697,2
2698,2
2699,2
2700,2
2701,0
2702,2
2703,0
2704,0
2705,0
2706,0
2707,0
2708,0
2709,0
2710,2
2711,2
2712,2
2713,0
2714,0
2715,0
2716,0
2717,0
2718,2
2719,2
2720,0
2721,0
2722,1
2723,1
2724,1
2725,1
2726,0
2727,0
2728,0
2729,0
2730,1
2731,0
2732,0
2733,2
2734,2
2735,2
2736,2
2737,2
2738,2
2739,1
2740,1
2741,0
2742,0
2743,0
2744,0
2745,1
2746,2
2747,1
2748,1
2749,1
2750,1
2751,2
2752,2
2753,1
2754,1
2755,1
2756,1
2757,0
2758,0
2759,2
2760,2
2761,1
2762,0
2763,2
2764,2
2765,2
2766,0
2767,0
2768,0
2769,0
2770,0
2771,2
2772,2
2773,2
2774,0
2775,0
2776,0
2777,0
2778,0
2779,1
2780,2
2781,0
2782,1
2783,0
2784,0
2785,2
2786,1
2787,1
2788,2
2789,1
2790,1
2791,0
2792,0
2793,0
2794,0
2795,2
2796,1
2797,1
2798,0
2799,0
2800,0
2801,1
2802,1
2803,1
2804,1
2805,1
2806,0
2807,0
2808,2
2809,2
2810,0
2811,0
2812,0
2813,1
2814,1
2815,2
2816,1
2817,1
2818,1
2819,0
2820,0
2821,0
2822,0
2823,2
2824,0
2825,0
2826,1
2827,2
2828,0
2829,0
2830,2
2831,2
2832,0
2833,0
2834,1
2835,1
2836,1
2837,1
2838,2
2839,2
2840,0
2841,0
2842,0
2843,1
2844,1
2845,1
2846,2
2847,2
2848,2
2849,2
2850,1
2851,0
2852,0
2853,0
2854,1
2855,1
2856,0
2857,0
2858,0
2859,0
2860,0
2861,0
2862,0
2863,0
2864,0
2865,0
2866,0
2867,0
2868,2
2869,1
2870,0
2871,0
2872,0
2873,2
2874,2
2875,1
2876,1
2877,0
2878,0
2879,2
2880,2
2881,2
2882,2
2883,2
2884,1
2885,2
2886,2
2887,0
2888,0
2889,1
2890,1
2891,1
2892,2
2893,2
2894,0
2895,0
2896,0
2897,0
2898,0
2899,0
2900,0
2901,0
2902,2
2903,2
2904,1
2905,1
2906,1
2907,2
2908,2
2909,2
2910,1
2911,1
2912,1
2913,0
2914,0
2915,1
2916,1
2917,1
2918,1
2919,2
2920,0
2921,0
2922,0
2923,2
2924,2
2925,0
2926,0
2927,0
2928,0
2929,1
2930,1
2931,1
2932,1
2933,2
2934,2
2935,2
2936,0
2937,0
2938,0
2939,2
2940,1
2941,1
2942,1
2943,1
2944,1
2945,1
2946,2
2947,2
2948,2
2949,0
2950,0
2951,0
2952,0
2953,0
2954,2
2955,0
2956,0
2957,0
2958,2
2959,2
2960,2
2961,2
2962,2
2963,2
2964,2
2965,2
2966,1
2967,0
2968,0
2969,0
2970,0
2971,0
2972,0
2973,0
2974,0
2975,0
2976,2
2977,2
2978,2
2979,0
2980,1
2981,0
2982,0
2983,2
2984,2
2985,2
2986,2
2987,1
2988,0
2989,0
2990,1
2991,0
2992,1
2993,0
2994,0
2995,2
2996,1
2997,2
2998,2
2999,2
3000,0
3001,0
3002,0
3003,0
3004,0
3005,2
3006,0
3007,0
3008,1
3009,1
3010,2
3011,0
3012,0
3013,2
3014,0
3015,0
3016,1
3017,0
3018,0
3019,0
3020,1
3021,1
3022,2
3023,2
3024,2
3025,2
3026,2
3027,1
3028,1
3029,0
3030,0
3031,2
3032,2
3033,0
3034,1
3035,0
3036,0
3037,0
3038,1
3039,2
3040,2
3041,2
3042,2
3043,0
3044,0
3045,0
3046,0
3047,0
3048,0
3049,0
3050,1
3051,1
3052,0
3053,0
3054,0
3055,0
3056,0
3057,0
3058,1
3059,1
3060,1
3061,1
3062,1
3063,1
3064,1
3065,1
3066,0
3067,0
3068,0
3069,0
3070,0
3071,0
3072,0
3073,0
3074,2
3075,2
3076,0
3077,2
3078,2
3079,2
3080,0
3081,0
3082,0
3083,0
3084,0
3085,0
3086,2
3087,2
3088,2
3089,0
3090,0
3091,0
3092,1
3093,1
3094,1
3095,1
3096,1
3097,0
3098,0
3099,0
3100,0
3101,0
3102,1
3103,1
3104,0
3105,0
3106,0
3107,0
3108,2
3109,2
3110,2
3111,2
3112,0
3113,0
3114,0
3115,0
3116,2
3117,0
3118,0
3119,2
3120,2
3121,2
3122,1
3123,1
3124,0
3125,1
3126,1
3127,1
3128,1
3129,0
3130,0
3131,0
3132,2
3133,0
3134,0
3135,0
3136,2
3137,2
3138,2
3139,0
3140,0
3141,0
3142,0
3143,1
3144,0
3145,1
3146,1
3147,1
3148,1
3149,0
3150,0
3151,1
3152,1
3153,2
3154,1
3155,1
3156,0
3157,0
3158,0
3159,2
3160,0
3161,0
3162,2
3163,2
3164,2
3165,2
3166,2
3167,2
3168,0
3169,0
3170,0
3171,0
3172,0
3173,0
3174,0
3175,2
3176,0
3177,0
3178,0
3179,2
3180,2
3181,0
3182,0
3183,0
3184,2
3185,2
3186,2
3187,1
3188,1
3189,0
3190,0
3191,1
3192,1
3193,2
3194,2
3195,1
3196,0
3197,0
3198,0
3199,0
3200,0
3201,0
3202,1
3203,0
3204,0
3205,0
3206,0
3207,0
3208,0
3209,0
3210,0
3211,0
3212,1
3213,1
3214,0
3215,0
3216,1
3217,0
3218,1
3219,2
3220,2
3221,2
3222,2
3223,2
3224,0
3225,0
3226,0
3227,0
3228,0
3229,0
3230,1
3231,2
3232,2
3233,0
3234,0
3235,0
3236,0
3237,0
3238,0
3239,0
3240,0
3241,2
3242,1
3243,2
3244,0
3245,0
3246,0
3247,2
3248,2
3249,2
3250,2
3251,0
3252,0
3253,0
3254,0
3255,0
3256,0
3257,2
3258,2
3259,2
3260,0
3261,1
3262,1
3263,1
3264,2
3265,1
3266,1
3267,0
3268,2
3269,2
3270,2
3271,0
3272,0
3273,0
3274,0
3275,2
3276,2
3277,1
3278,0
3279,0
3280,0
3281,0
3282,0
3283,0
3284,0
3285,0
3286,1
3287,1
3288,0
3289,0
3290,0
3291,0
3292,2
3293,2
3294,0
3295,0
3296,2
3297,2
3298,2
3299,2
3300,1
3301,1
3302,0
3303,0
3304,0
3305,0
3306,0
3307,2
3308,0
3309,0
3310,0
3311,0
3312,0
3313,0
3314,0
3315,0
3316,0
3317,0
3318,2
3319,2
3320,2
3321,0
3322,0
3323,0
3324,0
3325,0
3326,1
3327,2
3328,0
3329,0
3330,0
3331,2
3332,1
3333,1
3334,2
3335,2
3336,2
3337,0
3338,0
3339,1
3340,0
3341,0
3342,0
3343,2
3344,1
3345,1
3346,1
3347,1
3348,1
3349,2
3350,2
3351,2
3352,2
3353,2
3354,2
3355,2
3356,0
3357,0
3358,0
3359,0
3360,2
3361,2
3362,2
3363,0
3364,0
3365,0
3366,1
3367,0
3368,0
3369,0
3370,0
3371,0
3372,0
3373,0
3374,0
3375,2
3376,2
3377,2
3378,2
3379,2
3380,0
3381,2
3382,2
3383,2
3384,0
3385,0
3386,1
3387,0
3388,0
3389,0
3390,0
3391,2
3392,0
3393,2
3394,2
3395,2
3396,0
3397,0
3398,0
3399,0
3400,0
3401,0
3402,2
3403,0
3404,0
3405,0
3406,0
3407,0
3408,0
3409,0
3410,2
3411,2
3412,2
3413,2
3414,0
3415,1
3416,2
3417,2
3418,2
3419,2
3420,0
3421,0
3422,0
3423,2
3424,0
3425,0
3426,1
3427,0
3428,0
3429,0
3430,2
3431,2
3432,2
3433,2
3434,0
3435,0
3436,0
3437,0
3438,0
3439,0
3440,2
3441,2
3442,2
3443,2
3444,2
3445,2
3446,2
3447,2
3448,0
3449,0
3450,0
3451,0
3452,1
3453,1
3454,0
3455,2
3456,0
3457,0
3458,0
3459,0
3460,1
3461,1
3462,1
3463,1
3464,0
3465,0
3466,2
3467,2
3468,2
3469,0
3470,0
3471,2
3472,2
3473,2
3474,2
3475,0
3476,0
3477,0
3478,1
3479,1
3480,1
3481,0
3482,0
3483,0
3484,0
3485,2
3486,2
3487,2
3488,2
3489,0
3490,2
3491,0
3492,0
3493,0
3494,0
3495,0
3496,0
3497,0
3498,0
3499,2
3500,0
3501,0
3502,0
3503,0
3504,0
3505,0
3506,2
3507,2
3508,2
3509,0
3510,2
3511,1
3512,1
3513,0
3514,0
3515,0
3516,0
3517,2
3518,2
3519,2
3520,0
3521,0
3522,0
3523,0
3524,0
3525,0
3526,0
3527,0
3528,0
3529,1
3530,0
3531,0
3532,0
3533,0
3534,0
3535,0
3536,0
3537,0
3538,2
3539,2
3540,2
3541,2
3542,0
3543,0
3544,2
3545,2
3546,0
3547,0
3548,2
3549,0
3550,0
3551,0
3552,2
3553,0
3554,0
3555,2
3556,2
3557,2
3558,2
3559,0
3560,0
3561,0
3562,0
3563,0
3564,0
3565,0
3566,1
3567,1
3568,0
3569,0
3570,0
3571,1
3572,0
3573,0
3574,1
3575,1
3576,2
3577,0
3578,0
3579,1
3580,2
3581,2
3582,0
3583,0
3584,0
3585,0
3586,2
3587,2
3588,0
3589,0
3590,0
3591,0
3592,2
3593,2
3594,2
3595,0
3596,0
3597,2
3598,1
3599,1
3600,0
3601,2
3602,2
3603,2
3604,1
3605,1
3606,1
3607,0
3608,0
3609,0
3610,0
3611,0
3612,0
3613,1
3614,2
3615,0
3616,0
3617,1
3618,1
3619,1
3620,1
3621,0
3622,2
3623,0
3624,2
3625,0
3626,0
3627,2
3628,2
3629,2
3630,2
3631,2
3632,1
3633,1
3634,2
3635,1
3636,1
3637,1
3638,1
3639,0
3640,2
3641,2
3642,2
3643,2
3644,2
3645,1
3646,0
3647,0
3648,1
3649,1
3650,1
3651,1
3652,0
3653,0
3654,1
3655,0
3656,0
3657,1
3658,0
3659,0
3660,0
3661,0
3662,0
3663,1
3664,2
3665,0
3666,0
3667,0
3668,0
3669,0
3670,0
3671,2
3672,2
3673,2
3674,0
3675,0
3676,2
3677,2
3678,2
3679,2
3680,0
3681,1
3682,1
3683,0
3684,0
3685,0
3686,0
3687,2
3688,2
3689,2
3690,2
3691,0
3692,0
3693,0
3694,0
3695,2
3696,2
3697,2
3698,0
3699,0
3700,0
3701,0
3702,1
3703,2
3704,2
3705,2
3706,2
3707,2
3708,2
3709,2
3710,0
3711,0
3712,0
3713,0
3714,0
3715,0
3716,0
3717,0
3718,0
3719,0
3720,0
3721,0
3722,0
3723,0
3724,0
3725,0
3726,0
3727,0
3728,0
3729,0
3730,2
3731,0
3732,0
3733,0
3734,0
3735,0
3736,0
3737,0
3738,0
3739,0
3740,0
3741,0
3742,2
3743,2
3744,0
3745,0
3746,2
3747,2
3748,2
3749,0
3750,0
3751,0
3752,0
3753,0
3754,0
3755,2
3756,2
3757,0
3758,2
3759,0
3760,0
3761,1
3762,0
3763,0
3764,0
3765,0
3766,0
3767,0
3768,0
3769,1
3770,1
3771,0
3772,1
3773,2
3774,2
3775,2
3776,2
3777,2
3778,1
3779,1
3780,2
3781,2
3782,2
3783,0
3784,0
3785,0
3786,0
3787,1
3788,2
3789,2
3790,0
3791,2
3792,2
3793,2
3794,0
3795,0
3796,0
3797,0
3798,0
3799,1
3800,0
3801,2
3802,0
3803,2
3804,2
3805,1
3806,0
3807,0
3808,2
3809,0
3810,0
3811,1
3812,2
3813,2
3814,2
3815,1
3816,2
3817,0
3818,0
3819,2
3820,2
3821,2
3822,1
3823,1
3824,2
3825,2
3826,2
3827,2
3828,1
3829,2
3830,0
3831,1
3832,1
3833,1
3834,0
3835,0
3836,0
3837,1
3838,2
3839,2
3840,2
3841,0
3842,2
3843,2
3844,2
3845,0
3846,0
3847,0
3848,0
3849,0
3850,1
3851,0
3852,0
3853,0
3854,0
3855,0
3856,2
3857,2
3858,2
3859,2
3860,2
3861,2
3862,0
3863,0
3864,1
3865,0
3866,0
3867,0
3868,0
3869,0
3870,0
3871,2
3872,1
3873,1
3874,1
3875,1
3876,0
3877,0
3878,0
3879,2
3880,1
3881,1
3882,1
3883,1
3884,2
3885,1
3886,1
3887,0
3888,2
3889,2
3890,0
3891,0
3892,0
3893,0
3894,0
3895,2
3896,2
3897,2
3898,2
3899,0
3900,2
3901,2
3902,0
3903,0
3904,2
3905,2
3906,2
3907,2
3908,2
3909,1
3910,0
3911,2
3912,2
3913,2
3914,1
3915,0
3916,0
3917,2
3918,0
3919,0
3920,0
3921,2
3922,0
3923,0
3924,2
3925,2
3926,2
3927,2
3928,1
3929,2
3930,2
3931,0
3932,0
3933,0
3934,0
3935,0
3936,0
3937,2
3938,2
3939,2
3940,2
3941,2
3942,2
3943,0
3944,2
3945,0
3946,0
3947,2
3948,2
3949,2
3950,2
3951,2
3952,2
3953,1
3954,2
3955,0
3956,0
3957,0
3958,0
3959,2
3960,1
3961,2
3962,2
3963,1
3964,1
3965,1
3966,0
3967,0
3968,2
3969,1
3970,0
3971,0
3972,0
3973,0
3974,2
3975,2
3976,2
3977,1
3978,1
3979,0
3980,0
3981,0
3982,0
3983,2
3984,2
3985,1
3986,1
3987,0
3988,0
3989,0
3990,0
3991,0
3992,0
3993,0
3994,0
3995,0
3996,0
3997,0
3998,0
3999,0
4000,2
4001,2
4002,2
4003,0
4004,2
4005,2
4006,2
4007,0
4008,0
4009,1
4010,0
4011,2
4012,2
4013,0
4014,1
4015,1
4016,0
4017,0
4018,0
4019,0
4020,2
4021,0
4022,0
4023,0
4024,0
4025,0
4026,0
4027,0
4028,2
4029,2
4030,2
4031,1
4032,2
4033,2
4034,0
4035,0
4036,0
4037,1
4038,1
4039,1
4040,1
4041,1
4042,1
4043,1
4044,1
4045,1
4046,1
4047,2
4048,2
4049,2
4050,2
4051,1
4052,1
4053,0
4054,0
4055,2
4056,2
4057,2
4058,2
4059,2
4060,2
4061,2
4062,2
4063,2
4064,2
4065,2
4066,2
4067,0
4068,0
4069,2
4070,2
4071,2
4072,1
4073,2
4074,2
4075,2
4076,2
4077,2
4078,2
4079,2
4080,0
4081,0
4082,2
4083,2
4084,2
4085,2
4086,2
4087,2
4088,2
4089,2
4090,2
4091,0
4092,0
4093,0
4094,1
4095,1
4096,2
4097,2
4098,2
4099,0
4100,2
4101,2
4102,2
4103,1
4104,1
4105,1
4106,1
4107,1
4108,1
4109,0
4110,2
4111,2
4112,0
4113,0
4114,0
4115,0
4116,2
4117,2
4118,2
4119,2
4120,2
4121,2
4122,2
4123,0
4124,0
4125,1
4126,2
4127,2
4128,2
4129,0
4130,0
4131,0
4132,2
4133,2
4134,2
4135,2
4136,0
4137,0
4138,0
4139,2
4140,2
4141,0
4142,0
4143,0
4144,0
4145,0
4146,2
4147,2
4148,2
4149,2
4150,2
4151,2
4152,2
4153,2
4154,2
4155,2
4156,0
4157,0
4158,2
4159,2
4160,0
4161,0
4162,0
4163,0
4164,2
4165,2
4166,2
4167,2
4168,2
4169,0
4170,0
4171,0
4172,0
4173,0
4174,0
4175,1
4176,1
4177,1
4178,1
4179,2
4180,0
4181,0
4182,0
4183,2
4184,2
4185,2
4186,2
4187,2
4188,0
4189,2
4190,0
4191,0
4192,0
4193,0
4194,2
4195,0
4196,2
4197,2
4198,0
4199,0
4200,0
4201,2
4202,0
4203,2
4204,2
4205,2
4206,0
4207,0
4208,0
4209,0
4210,2
4211,0
4212,0
4213,0
4214,0
4215,0
4216,0
4217,0
4218,0
4219,0
4220,2
4221,0
4222,0
4223,2
4224,2
4225,2
4226,0
4227,0
4228,0
4229,0
4230,0
4231,0
4232,0
4233,0
4234,1
4235,1
4236,1
4237,1
4238,0
4239,0
4240,1
4241,2
4242,0
4243,2
4244,2
4245,0
4246,0
4247,0
4248,0
4249,1
4250,1
4251,1
4252,1
4253,2
4254,0
4255,2
4256,2
4257,2
4258,2
4259,2
4260,1
4261,1
4262,1
4263,1
4264,0
4265,0
4266,0
4267,0
4268,2
4269,2
4270,0
4271,0
4272,0
4273,0
4274,0
4275,0
4276,2
4277,2
4278,2
4279,0
4280,0
4281,0
4282,0
4283,0
4284,0
4285,0
4286,0
4287,0
4288,0
4289,0
4290,2
4291,2
4292,2
4293,2
4294,0
4295,0
4296,0
4297,1
4298,0
4299,2
4300,2
4301,2
4302,2
4303,0
4304,2
4305,2
4306,2
4307,2
4308,1
4309,1
4310,1
4311,1
4312,1
4313,1
4314,1
4315,1
4316,1
4317,1
4318,0
4319,0
4320,2
4321,1
4322,1
4323,1
4324,1
4325,0
4326,0
4327,0
4328,2
4329,2
4330,2
4331,0
4332,2
4333,1
4334,1
4335,1
4336,1
4337,1
4338,1
4339,1
4340,1
4341,0
4342,2
4343,2
4344,2
4345,2
4346,2
4347,2
4348,2
4349,2
4350,2
4351,0
4352,0
4353,2
4354,0
4355,1
4356,0
4357,0
4358,0
4359,0
4360,0
4361,0
4362,2
4363,2
4364,2
4365,2
4366,2
4367,0
4368,0
4369,2
4370,2
4371,2
4372,2
4373,2
4374,0
4375,2
4376,2
4377,2
4378,0
4379,0
4380,0
4381,0
4382,1
4383,1
4384,1
4385,1
4386,0
4387,0
4388,2
4389,2
4390,2
4391,2
4392,1
4393,1
4394,1
4395,1
4396,2
4397,0
4398,0
4399,0
4400,1
4401,1
4402,0
4403,1
4404,1
4405,1
4406,1
4407,2
4408,2
4409,2
4410,2
4411,2
4412,2
4413,2
4414,0
4415,0
4416,0
4417,0
4418,2
4419,2
4420,0
4421,0
4422,0
4423,2
4424,2
4425,2
4426,0
4427,0
4428,0
4429,1
4430,1
4431,1
4432,1
4433,2
4434,2
4435,2
4436,2
4437,2
4438,2
4439,2
4440,2
4441,0
4442,2
4443,1
4444,0
4445,0
4446,0
4447,2
4448,2
4449,2
4450,0
4451,0
4452,2
4453,2
4454,0
4455,0
4456,2
4457,0
4458,2
4459,2
4460,0
4461,0
4462,0
4463,0
4464,0
4465,0
4466,1
4467,1
4468,1
4469,1
4470,0
4471,0
4472,0
4473,0
4474,2
4475,2
4476,1
4477,1
4478,1
4479,1
4480,1
4481,1
4482,1
4483,1
4484,1
4485,1
4486,0
4487,0
4488,2
4489,0
4490,0
4491,0
4492,1
4493,1
4494,1
4495,1
4496,2
4497,2
4498,2
4499,2
4500,2
4501,2
4502,1
4503,0
4504,0
4505,2
4506,2
4507,2
4508,0
4509,0
4510,2
4511,2
4512,0
4513,0
4514,0
4515,0
4516,0
4517,0
4518,0
4519,1
4520,2
4521,2
4522,0
4523,0
4524,0
4525,0
4526,0
4527,2
4528,0
4529,0
4530,2
4531,2
4532,2
4533,0
4534,0
4535,2
4536,0
4537,2
4538,2
4539,2
4540,2
4541,2
4542,2
4543,1
4544,1
4545,1
4546,1
4547,2
4548,2
4549,2
4550,0
4551,0
4552,0
4553,2
4554,1
4555,1
4556,1
4557,1
4558,1
4559,1
4560,1
4561,0
4562,2
4563,0
4564,2
4565,2
4566,2
4567,2
4568,0
4569,0
4570,0
4571,2
4572,2
4573,2
4574,2
4575,0
4576,0
4577,0
4578,0
4579,2
4580,2
4581,2
4582,0
4583,0
4584,0
4585,0
4586,0
4587,0
4588,2
4589,2
4590,1
4591,1
4592,2
4593,2
4594,2
4595,2
4596,0
4597,0
4598,0
4599,1
4600,0
4601,0
4602,1
4603,1
4604,1
4605,1
4606,2
4607,2
4608,2
4609,0
4610,0
4611,2
4612,1
4613,1
4614,1
4615,1
4616,1
4617,2
4618,2
4619,2
4620,2
4621,2
4622,1
4623,1
4624,1
4625,2
4626,0
4627,0
4628,0
4629,1
4630,2
4631,2
4632,0
4633,0
4634,0
4635,0
4636,0
4637,0
4638,0
4639,0
4640,0
4641,0
4642,0
4643,0
4644,0
4645,0
4646,0
4647,0
4648,0
4649,2
4650,2
4651,2
4652,2
4653,2
4654,2
4655,2
4656,2
4657,2
4658,1
4659,1
4660,1
4661,1
4662,2
4663,2
4664,0
4665,0
4666,1
4667,2
4668,2
4669,2
4670,0
4671,0
4672,0
4673,2
4674,2
4675,2
4676,2
4677,0
4678,0
4679,0
4680,0
4681,0
4682,0
4683,1
4684,2
4685,2
4686,0
4687,2
4688,2
4689,2
4690,2
4691,2
4692,2
4693,0
4694,2
4695,2
4696,2
4697,2
4698,0
4699,0
4700,0
4701,2
4702,2
4703,2
4704,0
4705,1
4706,1
4707,1
4708,1
4709,0
4710,2
4711,2
4712,2
4713,1
4714,2
4715,2
4716,2
4717,1
4718,1
4719,0
4720,0
4721,0
4722,2
4723,2
4724,0
4725,0
4726,0
4727,2
4728,2
4729,2
4730,2
4731,1
4732,1
4733,1
4734,1
4735,1
4736,0
4737,1
4738,1
4739,2
4740,2
4741,2
4742,0
4743,0
4744,0
4745,0
4746,0
4747,2
4748,2
4749,2
4750,1
4751,1
4752,1
4753,2
4754,2
4755,0
4756,0
4757,0
4758,0
4759,0
4760,0
4761,0
4762,2
4763,0
4764,0
4765,2
4766,2
4767,2
4768,0
4769,0
4770,0
4771,2
4772,2
4773,0
4774,2
4775,2
4776,2
4777,0
4778,2
4779,2
4780,2
4781,2
4782,2
4783,2
4784,0
4785,2
4786,2
4787,2
4788,2
4789,2
4790,0
4791,0
4792,0
4793,0
4794,0
4795,0
4796,0
4797,0
4798,0
4799,0
4800,1
4801,0
4802,2
4803,2
4804,2
4805,2
4806,2
4807,2
4808,2
4809,2
4810,0
4811,0
4812,0
4813,0
4814,0
4815,0
4816,0
4817,0
4818,0
4819,0
4820,0
4821,0
4822,0
4823,0
4824,0
4825,0
4826,0
4827,0
4828,0
4829,2
4830,2
4831,0
4832,0
4833,0
4834,0
4835,0
4836,0
4837,2
4838,2
4839,2
4840,2
4841,2
4842,2
4843,0
4844,0
4845,2
4846,0
4847,1
4848,1
4849,1
4850,0
4851,2
4852,0
4853,0
4854,2
4855,2
4856,0
4857,0
4858,0
4859,0
4860,2
4861,2
4862,2
4863,0
4864,2
4865,0
4866,2
4867,2
4868,1
4869,1
4870,0
4871,0
4872,2
4873,2
4874,2
4875,2
4876,2
4877,2
4878,2
4879,0
4880,1
4881,1
4882,0
4883,0
4884,0
4885,0
4886,1
4887,2
4888,2
4889,0
4890,2
4891,2
4892,2
4893,0
4894,0
4895,0
4896,0
4897,0
4898,0
4899,0
4900,1
4901,1
4902,0
4903,0
4904,2
4905,0
4906,0
4907,1
4908,1
4909,0
4910,1
4911,1
4912,0
4913,0
4914,0
4915,0
4916,0
4917,0
4918,2
4919,1
4920,1
4921,1
4922,1
4923,1
4924,1
4925,1
4926,1
4927,0
4928,0
4929,0
4930,0
4931,0
4932,2
4933,2
4934,0
4935,0
4936,0
4937,2
4938,2
4939,0
4940,0
4941,0
4942,0
4943,0
4944,0
4945,0
4946,2
4947,2
4948,2
4949,2
4950,2
4951,1
4952,1
4953,0
4954,0
4955,0
4956,2
4957,2
4958,2
4959,2
4960,1
4961,0
4962,0
4963,0
4964,2
4965,2
4966,2
4967,2
4968,0
4969,0
4970,2
4971,2
4972,2
4973,2
4974,2
4975,1
4976,1
4977,0
4978,0
4979,0
4980,0
4981,1
4982,1
4983,0
4984,0
4985,0
4986,1
4987,1
4988,0
4989,0
4990,0
4991,0
4992,1
4993,1
4994,2
4995,2
4996,2
4997,2
4998,2
4999,2
5000,0
5001,0
5002,2
5003,2
5004,0
5005,0
5006,0
5007,0
5008,1
5009,1
5010,1
5011,0
5012,0
5013,0
5014,0
5015,0
5016,0
5017,0
5018,0
5019,0
5020,0
5021,0
5022,2
5023,0
5024,0
5025,0
5026,0
5027,0
5028,0
5029,2
5030,2
5031,2
5032,2
5033,0
5034,2
5035,2
5036,0
5037,2
5038,2
5039,2
5040,2
5041,2
5042,2
5043,2
5044,1
5045,1
5046,0
5047,0
5048,0
5049,0
5050,2
5051,0
5052,0
5053,0
5054,0
5055,0
5056,0
5057,0
5058,0
5059,0
5060,0
5061,0
5062,0
5063,0
5064,1
5065,1
5066,0
5067,1
5068,1
5069,0
5070,0
5071,0
5072,0
5073,0
5074,0
5075,0
5076,1
5077,1
5078,1
5079,1
5080,2
5081,0
5082,0
5083,0
5084,0
5085,2
5086,2
5087,0
5088,2
5089,2
5090,2
5091,2
5092,0
5093,0
5094,1
5095,0
5096,0
5097,2
5098,0
5099,0
5100,0
5101,0
5102,2
5103,0
5104,0
5105,2
5106,2
5107,2
5108,0
5109,0
5110,2
5111,2
5112,2
5113,2
5114,0
5115,0
5116,0
5117,0
5118,1
5119,1
5120,1
5121,1
5122,2
5123,2
5124,0
5125,0
5126,0
5127,0
5128,0
5129,2
5130,2
5131,2
5132,2
5133,2
5134,0
5135,2
5136,1
5137,1
5138,1
5139,1
5140,2
5141,2
5142,0
5143,0
5144,0
5145,0
5146,2
5147,2
5148,2
5149,2
5150,1
5151,1
5152,1
5153,1
5154,2
5155,0
5156,0
5157,0
5158,0
5159,0
5160,0
5161,0
5162,0
5163,1
5164,1
5165,1
5166,1
5167,2
5168,2
5169,0
5170,0
5171,0
5172,0
5173,1
5174,1
5175,0
5176,0
5177,0
5178,0
5179,0
5180,0
5181,1
5182,1
5183,1
5184,1
5185,1
5186,0
5187,0
5188,0
5189,0
5190,2
5191,2
5192,2
5193,2
5194,2
5195,0
5196,1
5197,1
5198,0
5199,0
5200,0
5201,0
5202,0
5203,0
5204,0
5205,2
5206,2
5207,2
5208,2
5209,0
5210,2
5211,2
5212,2
5213,2
5214,0
5215,0
5216,0
5217,0
5218,0
5219,0
5220,0
5221,1
5222,1
5223,2
5224,0
5225,0
5226,0
5227,0
5228,0
5229,0
5230,2
5231,2
5232,2
5233,1
5234,1
5235,2
5236,2
5237,2
5238,0
5239,0
5240,0
5241,0
5242,0
5243,0
5244,0
5245,0
5246,0
5247,0
5248,0
5249,0
5250,0
5251,0
5252,0
5253,0
5254,0
5255,2
5256,1
5257,1
5258,2
5259,2
5260,2
5261,2
5262,1
5263,1
5264,1
5265,1
5266,0
5267,0
5268,0
5269,0
5270,0
5271,0
5272,2
5273,0
5274,2
5275,2
5276,0
5277,2
5278,2
5279,2
5280,0
5281,1
5282,1
5283,2
5284,0
5285,0
5286,2
5287,2
5288,0
5289,0
5290,0
5291,0
5292,0
5293,0
5294,2
5295,2
5296,2
5297,2
5298,0
5299,0
5300,2
5301,2
5302,2
5303,2
5304,0
5305,0
5306,0
5307,0
5308,0
5309,0
5310,2
5311,2
5312,2
5313,2
5314,2
5315,2
5316,2
5317,0
5318,0
5319,0
5320,1
5321,0
5322,0
5323,0
5324,0
5325,0
5326,0
5327,0
5328,0
5329,0
5330,0
5331,1
5332,1
5333,1
5334,0
5335,0
5336,2
5337,0
5338,0
5339,0
5340,2
5341,2
5342,0
5343,0
5344,0
5345,0
5346,0
5347,0
5348,0
5349,0
5350,2
5351,2
5352,2
5353,2
5354,1
5355,1
5356,1
5357,1
5358,1
5359,1
5360,0
5361,1
5362,1
5363,1
5364,1
5365,1
5366,1
5367,1
5368,1
5369,0
5370,2
5371,0
5372,2
5373,2
5374,2
5375,2
5376,0
5377,1
5378,0
5379,0
5380,0
5381,0
5382,2
5383,2
5384,0
5385,0
5386,0
5387,0
5388,0
5389,2
5390,2
5391,2
5392,0
5393,2
5394,2
5395,2
5396,2
5397,2
5398,2
5399,0
5400,0
5401,2
5402,0
5403,0
5404,0
5405,0
5406,0
5407,2
5408,2
5409,2
5410,0
5411,0
5412,0
5413,0
5414,0
5415,0
5416,0
5417,1
5418,1
5419,1
5420,1
5421,2
5422,2
5423,2
5424,2
5425,0
5426,2
5427,0
5428,0
5429,0
5430,0
5431,0
5432,0
5433,1
5434,1
5435,1
5436,1
5437,1
5438,0
5439,0
5440,0
5441,0
5442,0
5443,2
5444,2
5445,2
5446,2
5447,2
5448,0
5449,0
5450,2
5451,2
5452,2
5453,0
5454,0
5455,0
5456,0
5457,0
5458,0
5459,0
5460,0
5461,2
5462,2
5463,0
5464,0
5465,0
5466,0
5467,0
5468,0
5469,0
5470,0
5471,2
5472,0
5473,0
5474,0
5475,1
5476,1
5477,0
5478,0
5479,0
5480,0
5481,0
5482,0
5483,2
5484,2
5485,2
5486,2
5487,2
5488,2
5489,0
5490,0
5491,0
5492,0
5493,0
5494,0
5495,0
5496,0
5497,0
5498,0
5499,0
5500,0
5501,2
5502,2
5503,2
5504,2
5505,0
5506,0
5507,0
5508,2
5509,2
5510,2
5511,2
5512,2
5513,2
5514,2
5515,0
5516,0
5517,0
5518,0
5519,2
5520,2
5521,0
5522,0
5523,0
5524,0
5525,0
5526,0
5527,0
5528,0
5529,2
5530,0
5531,0
5532,0
5533,0
5534,0
5535,0
5536,0
5537,0
5538,0
5539,0
5540,0
5541,2
5542,2
5543,2
5544,0
5545,0
5546,0
5547,1
5548,0
5549,0
5550,0
5551,0
5552,0
5553,0
5554,0
5555,0
5556,2
5557,2
5558,2
5559,2
5560,0
5561,0
5562,2
5563,2
5564,2
5565,2
5566,0
5567,1
5568,0
5569,2
5570,2
5571,2
5572,0
5573,2
5574,0
5575,0
5576,0
5577,0
5578,0
5579,0
5580,0
5581,0
5582,0
5583,0
5584,0
5585,2
5586,2
5587,2
5588,0
5589,0
5590,0
5591,2
5592,0
5593,0
5594,0
5595,0
5596,0
5597,0
5598,0
5599,2
5600,1
5601,1
5602,1
5603,0
5604,0
5605,2
5606,2
5607,1
5608,0
5609,0
5610,0
5611,0
5612,0
5613,0
5614,0
5615,0
5616,0
5617,0
5618,0
5619,0
5620,2
5621,2
5622,0
5623,0
5624,0
5625,0
5626,0
5627,0
5628,1
5629,1
5630,1
5631,0
5632,0
5633,2
5634,2
5635,2
5636,2
5637,0
5638,2
5639,0
5640,0
5641,0
5642,0
5643,1
5644,1
5645,1
5646,1
5647,1
5648,1
5649,0
5650,0
5651,2
5652,2
5653,2
5654,0
5655,0
5656,0
5657,1
5658,1
5659,1
5660,1
5661,1
5662,1
5663,1
5664,1
5665,0
5666,0
5667,2
5668,2
5669,2
5670,0
5671,0
5672,0
5673,0
5674,0
5675,2
5676,2
5677,2
5678,0
5679,0
5680,0
5681,0
5682,0
5683,2
5684,0
5685,0
5686,1
5687,0
5688,1
5689,1
5690,1
5691,1
5692,0
5693,0
5694,0
5695,0
5696,0
5697,1
5698,1
5699,1
5700,1
5701,1
5702,1
5703,1
5704,1
5705,2
5706,2
5707,2
5708,2
5709,2
5710,0
5711,2
5712,2
5713,2
5714,2
5715,2
5716,2
5717,1
5718,1
5719,1
5720,1
5721,2
5722,0
5723,2
5724,2
5725,2
5726,2
5727,2
5728,2
5729,2
5730,2
5731,2
5732,2
5733,1
5734,1
5735,1
5736,1
5737,2
5738,2
5739,2
5740,0
5741,0
5742,0
5743,0
5744,0
5745,0
5746,0
5747,1
5748,1
5749,0
5750,2
5751,2
5752,2
5753,2
5754,2
5755,2
5756,2
5757,0
5758,0
5759,0
5760,0
5761,0
5762,0
5763,0
5764,0
5765,2
5766,2
5767,0
5768,2
5769,0
5770,0
5771,0
5772,0
5773,2
5774,0
5775,0
5776,0
5777,0
5778,0
5779,0
5780,2
5781,2
5782,2
5783,2
5784,1
5785,1
5786,1
5787,1
5788,2
5789,0
5790,0
5791,0
5792,0
5793,0
5794,2
5795,2
5796,2
5797,0
5798,2
5799,2
5800,2
5801,0
5802,0
5803,0
5804,0
5805,0
5806,2
5807,2
5808,2
5809,2
5810,0
5811,0
5812,0
5813,0
5814,2
5815,0
5816,0
5817,2
5818,2
5819,2
5820,0
5821,1
5822,1
5823,0
5824,0
5825,2
5826,2
5827,2
5828,0
5829,0
5830,0
5831,0
5832,1
5833,0
5834,0
5835,0
5836,0
5837,0
5838,0
5839,0
5840,2
5841,0
5842,0
5843,0
5844,2
5845,0
5846,0
5847,2
5848,1
5849,1
5850,1
5851,1
5852,2
5853,2
5854,2
5855,2
5856,2
5857,2
5858,0
5859,0
5860,0
5861,2
5862,0
5863,1
5864,0
5865,0
5866,2
5867,2
5868,2
5869,0
5870,0
5871,2
5872,0
5873,2
5874,2
5875,2
5876,2
5877,2
5878,2
5879,2
5880,2
5881,2
5882,2
5883,2
5884,2
5885,2
5886,2
5887,2
5888,2
5889,2
5890,2
5891,2
5892,0
5893,0
5894,0
5895,0
5896,0
5897,0
5898,0
5899,0
5900,0
5901,0
5902,2
5903,2
5904,0
5905,2
5906,2
5907,2
5908,0
5909,0
5910,0
5911,0
5912,0
5913,0
5914,0
5915,2
5916,2
5917,1
5918,1
5919,1
5920,0
5921,0
5922,0
5923,0
5924,1
5925,2
5926,2
5927,2
5928,2
5929,2
5930,1
5931,1
5932,1
5933,1
5934,0
5935,0
5936,0
5937,0
5938,2
5939,1
5940,1
5941,2
5942,2
5943,2
5944,2
5945,2
5946,2
5947,0
5948,1
5949,1
5950,1
5951,2
5952,2
5953,2
5954,2
5955,2
5956,0
5957,0
5958,0
5959,0
5960,0
5961,0
5962,0
5963,0
5964,0
5965,0
5966,0
5967,1
5968,1
5969,1
5970,1
5971,2
5972,2
5973,2
5974,0
5975,0
5976,0
5977,0
5978,0
5979,2
5980,0
5981,0
5982,0
5983,0
5984,0
5985,1
5986,1
5987,2
5988,0
5989,0
5990,2
5991,2
5992,1
5993,1
5994,2
5995,2
5996,2
5997,0
5998,0
5999,0
6000,0
6001,0
6002,0
6003,0
6004,0
6005,0
6006,0
6007,2
6008,2
6009,0
6010,0
6011,0
6012,2
6013,2
6014,0
6015,0
6016,2
6017,2
6018,2
6019,2
6020,2
6021,2
6022,2
6023,2
6024,2
6025,0
6026,0
6027,0
6028,0
6029,0
6030,0
6031,0
6032,2
6033,2
6034,2
6035,0
6036,0
6037,0
6038,0
6039,1
6040,1
6041,1
6042,0
6043,0
6044,1
6045,1
6046,1
6047,1
6048,2
6049,2
6050,0
6051,0
6052,1
6053,1
6054,0
6055,0
6056,0
6057,0
6058,0
6059,1
6060,1
6061,1
6062,1
6063,0
6064,0
6065,0
6066,0
6067,0
6068,0
6069,0
6070,0
6071,2
6072,2
6073,2
6074,2
6075,2
6076,2
6077,2
6078,2
6079,2
6080,2
6081,2
6082,2
6083,2
6084,0
6085,0
6086,0
6087,2
6088,0
6089,0
6090,0
6091,0
6092,1
6093,1
6094,0
6095,0
6096,2
6097,2
6098,0
6099,2
6100,2
6101,2
6102,2
6103,1
6104,0
6105,1
6106,1
6107,1
6108,1
6109,0
6110,0
6111,0
6112,2
6113,0
6114,0
6115,0
6116,0
6117,0
6118,1
6119,1
6120,1
6121,1
6122,0
6123,0
6124,1
6125,2
6126,2
6127,0
6128,2
6129,2
6130,0
6131,2
6132,2
6133,2
6134,2
6135,2
6136,2
6137,2
6138,2
6139,2
6140,0
6141,0
6142,0
6143,0
6144,0
6145,0
6146,2
6147,2
6148,2
6149,0
6150,0
6151,0
6152,0
6153,0
6154,2
6155,2
6156,2
6157,2
6158,2
6159,2
6160,0
6161,0
6162,0
6163,0
6164,0
6165,0
6166,0
6167,0
6168,0
6169,1
6170,1
6171,1
6172,1
6173,2
6174,2
6175,2
6176,0
6177,0
6178,0
6179,0
6180,0
6181,0
6182,0
6183,0
6184,0
6185,0
6186,0
6187,2
6188,2
6189,2
6190,2
6191,2
6192,0
6193,0
6194,0
6195,1
6196,2
6197,2
6198,2
6199,2
6200,2
6201,1
6202,1
6203,2
6204,1
6205,1
6206,2
6207,2
6208,0
6209,0
6210,2
6211,2
6212,2
6213,2
6214,2
6215,0
6216,0
6217,0
6218,0
6219,0
6220,0
6221,2
6222,2
6223,2
6224,2
6225,0
6226,0
6227,0
6228,0
6229,0
6230,2
6231,2
6232,2
6233,1
6234,1
6235,1
6236,2
6237,2
6238,0
6239,0
6240,2
6241,2
6242,0
6243,0
6244,2
6245,2
6246,0
6247,0
6248,2
6249,2
6250,2
6251,2
6252,2
6253,2
6254,2
6255,1
6256,1
6257,1
6258,1
6259,2
6260,2
6261,2
6262,2
6263,2
6264,2
6265,2
6266,2
6267,2
6268,1
6269,1
6270,1
6271,1
6272,0
6273,0
6274,1
6275,1
6276,1
6277,1
6278,2
6279,2
6280,2
6281,1
6282,1
6283,1
6284,1
6285,0
6286,0
6287,1
6288,2
6289,2
6290,2
6291,0
6292,0
6293,0
6294,1
6295,1
6296,1
6297,2
6298,2
6299,2
6300,2
6301,1
6302,1
6303,1
6304,1
6305,2
6306,2
6307,1
6308,0
6309,0
6310,0
6311,0
6312,2
6313,2
6314,2
6315,2
6316,2
6317,0
6318,0
6319,2
6320,2
6321,0
6322,0
6323,0
6324,0
6325,0
6326,0
6327,0
6328,2
6329,0
6330,0
6331,2
6332,2
6333,2
6334,2
6335,2
6336,2
6337,2
6338,2
6339,2
6340,1
6341,1
6342,1
6343,0
6344,0
6345,0
6346,0
6347,0
6348,0
6349,0
6350,2
6351,2
6352,2
6353,2
6354,2
6355,2
6356,2
6357,2
6358,2
6359,0
6360,0
6361,0
6362,2
6363,2
6364,2
6365,0
6366,0
6367,2
6368,2
6369,2
6370,2
6371,0
6372,0
6373,2
6374,2
6375,1
6376,1
6377,1
6378,1
6379,0
6380,0
6381,0
6382,2
6383,2
6384,2
6385,2
6386,2
6387,2
6388,2
6389,2
6390,2
6391,2
6392,1
6393,1
6394,1
6395,1
6396,2
6397,2
6398,2
6399,2
6400,1
6401,1
6402,1
6403,1
6404,0
6405,0
6406,0
6407,0
6408,2
6409,0
6410,0
6411,0
6412,0
6413,0
6414,0
6415,1
6416,1
6417,1
6418,1
6419,1
6420,1
6421,1
6422,1
6423,2
6424,2
6425,2
6426,0
6427,2
6428,2
6429,0
6430,0
6431,0
6432,0
6433,2
6434,1
6435,1
6436,1
6437,1
6438,1
6439,1
6440,2
6441,2
6442,2
6443,2
6444,2
6445,2
6446,0
6447,1
6448,1
6449,1
6450,1
6451,0
6452,0
6453,0
6454,1
6455,2
6456,2
6457,0
6458,0
6459,0
6460,0
6461,2
6462,2
6463,2
6464,2
6465,2
6466,2
6467,2
6468,2
6469,2
6470,2
6471,2
6472,2
6473,1
6474,0
6475,0
6476,1
6477,1
6478,2
6479,2
6480,2
6481,2
6482,2
6483,2
6484,2
6485,2
6486,1
6487,1
6488,1
6489,1
6490,2
6491,2
6492,2
6493,2
6494,2
6495,2
6496,2
6497,2
6498,2
6499,2
6500,2
6501,2
6502,0
6503,2
6504,2
6505,0
6506,0
6507,2
6508,2
6509,2
6510,0
6511,0
6512,1
6513,1
6514,1
6515,1
6516,0
6517,0
6518,0
6519,0
6520,2
6521,2
6522,2
6523,0
6524,0
6525,1
6526,1
6527,1
6528,1
6529,1
6530,0
6531,0
6532,0
6533,1
6534,1
6535,1
6536,1
6537,1
6538,2
6539,2
6540,2
6541,2
6542,2
6543,2
6544,0
6545,0
6546,0
6547,0
6548,0
6549,1
6550,1
6551,2
6552,2
6553,1
6554,1
6555,2
6556,1
6557,2
6558,2
6559,2
6560,2
6561,2
6562,0
6563,0
6564,0
6565,1
6566,1
6567,1
6568,1
6569,2
6570,2
6571,2
6572,2
6573,2
6574,1
6575,1
6576,2
6577,2
6578,0
6579,0
6580,0
6581,2
6582,2
6583,2
6584,2
6585,2
6586,2
6587,1
6588,1
6589,1
6590,0
6591,0
6592,1
6593,2
6594,1
6595,0
6596,0
6597,0
6598,0
6599,1
6600,1
6601,1
6602,0
6603,2
6604,2
6605,0
6606,0
6607,0
6608,1
6609,2
6610,2
6611,2
6612,2
6613,2
6614,0
6615,0
6616,2
6617,2
6618,1
6619,1
6620,0
6621,0
6622,0
6623,2
6624,2
6625,0
6626,0
6627,0
6628,2
6629,2
6630,0
6631,0
6632,0
6633,0
6634,1
6635,1
6636,1
6637,1
6638,2
6639,2
6640,2
6641,2
6642,2
6643,0
6644,0
6645,2
6646,1
6647,1
6648,1
6649,0
6650,0
6651,0
6652,0
6653,0
6654,0
6655,0
6656,0
6657,0
6658,0
6659,0
6660,2
6661,2
6662,0
6663,2
6664,2
6665,2
6666,2
6667,0
6668,0
6669,2
6670,2
6671,2
6672,2
6673,2
6674,2
6675,1
6676,1
6677,1
6678,1
6679,2
6680,2
6681,2
6682,2
6683,1
6684,1
6685,1
6686,1
6687,0
6688,0
6689,0
6690,0
6691,1
6692,0
6693,0
6694,0
6695,0
6696,0
6697,0
6698,0
6699,2
6700,2
6701,2
6702,2
6703,1
6704,1
6705,1
6706,1
6707,1
6708,1
6709,1
6710,1
6711,0
6712,0
6713,1
6714,2
6715,2
6716,1
6717,1
6718,1
6719,1
6720,1
6721,1
6722,2
6723,2
6724,2
6725,2
6726,2
6727,2
6728,2
6729,2
6730,1
6731,1
6732,1
6733,1
6734,2
6735,0
6736,0
6737,0
6738,2
6739,0
6740,0
6741,2
6742,0
6743,0
6744,0
6745,2
6746,2
6747,2
6748,0
6749,0
6750,1
6751,2
6752,2
6753,2
6754,2
6755,0
6756,0
6757,0
6758,2
6759,1
6760,2
6761,2
6762,2
6763,2
6764,2
6765,0
6766,2
6767,0
6768,0
6769,2
6770,2
6771,1
6772,1
6773,1
6774,1
6775,2
6776,2
6777,1
6778,1
6779,1
6780,1
6781,2
6782,2
6783,2
6784,2
6785,2
6786,2
6787,0
6788,0
6789,0
6790,0
6791,2
6792,2
6793,2
6794,2
6795,2
6796,2
6797,2
6798,0
6799,2
6800,2
6801,2
6802,1
6803,0
6804,0
6805,0
6806,0
6807,2
6808,0
6809,2
6810,0
6811,0
6812,1
6813,2
6814,2
6815,2
6816,2
6817,2
6818,1
6819,0
6820,0
6821,0
6822,0
6823,0
6824,0
6825,0
6826,1
6827,1
6828,1
6829,1
6830,1
6831,1
6832,2
6833,0
6834,0
6835,1
6836,1
6837,1
6838,1
6839,1
6840,1
6841,1
6842,1
6843,2
6844,2
6845,0
6846,2
6847,2
6848,2
6849,2
6850,1
6851,1
6852,0
6853,0
6854,0
6855,0
6856,2
6857,2
6858,2
6859,2
6860,2
6861,2
6862,2
6863,2
6864,2
6865,2
6866,2
6867,2
6868,0
6869,0
6870,0
6871,2
6872,0
6873,2
6874,2
6875,2
6876,2
6877,2
6878,2
6879,0
6880,2
6881,2
6882,2
6883,2
6884,1
6885,2
6886,2
6887,1
6888,1
6889,1
6890,1
6891,0
6892,0
6893,0
6894,2
6895,2
6896,0
6897,0
6898,2
6899,2
6900,0
6901,0
6902,0
6903,0
6904,0
6905,2
6906,2
6907,2
6908,2
6909,2
6910,0
6911,0
6912,2
6913,2
6914,2
6915,2
6916,0
6917,2
6918,2
6919,2
6920,2
6921,2
6922,0
6923,0
6924,0
6925,2
6926,2
6927,0
6928,0
6929,0
6930,0
6931,1
6932,2
6933,0
6934,2
6935,2
6936,0
6937,2
6938,2
6939,2
6940,2
6941,0
6942,0
6943,1
6944,2
6945,2
6946,1
6947,1
6948,1
6949,1
6950,2
6951,2
6952,2
6953,2
6954,2
6955,2
6956,1
6957,1
6958,1
6959,1
6960,2
6961,2
6962,2
6963,2
6964,1
6965,1
6966,1
6967,0
6968,0
6969,0
6970,0
6971,2
6972,2
6973,2
6974,2
6975,2
6976,1
6977,1
6978,1
6979,1
6980,2
6981,2
6982,2
6983,2
6984,2
6985,2
6986,2
6987,2
6988,2
6989,0
6990,2
6991,0
6992,0
6993,2
6994,2
6995,0
6996,0
6997,0
6998,2
6999,2
7000,2
7001,2
7002,2
7003,2
7004,2
7005,2
7006,1
7007,2
7008,1
7009,2
7010,2
7011,2
7012,2
7013,2
7014,2
7015,2
7016,1
7017,1
7018,1
7019,1
7020,2
7021,2
7022,1
7023,1
7024,1
7025,1
7026,2
7027,2
7028,2
7029,0
7030,0
7031,0
7032,0
7033,0
7034,0
7035,0
7036,0
7037,0
7038,0
7039,0
7040,2
7041,0
7042,1
7043,1
7044,1
7045,1
7046,1
7047,1
7048,1
7049,0
7050,2
7051,2
7052,2
7053,2
7054,1
7055,1
7056,2
7057,2
7058,0
7059,0
7060,2
7061,2
7062,2
7063,1
7064,0
7065,0
7066,0
7067,1
7068,1
7069,1
7070,1
7071,2
7072,0
7073,0
7074,0
7075,0
7076,2
7077,2
7078,2
7079,2
7080,2
7081,1
7082,1
7083,1
7084,1
7085,0
7086,0
7087,2
7088,2
7089,0
7090,0
7091,2
7092,2
7093,1
7094,1
7095,1
7096,1
7097,1
7098,1
7099,1
7100,1
7101,2
7102,2
7103,2
7104,1
7105,0
7106,0
7107,0
7108,2
7109,2
7110,2
7111,2
7112,0
7113,0
7114,0
7115,0
7116,0
7117,2
7118,2
7119,2
7120,2
7121,2
7122,2
7123,2
7124,2
7125,2
7126,2
7127,1
7128,1
7129,1
7130,1
7131,0
7132,1
7133,1
7134,1
7135,0
7136,2
7137,0
7138,0
7139,1
7140,1
7141,1
7142,0
7143,0
7144,2
7145,2
7146,2
7147,1
7148,1
7149,2
7150,2
7151,0
7152,0
7153,0
7154,2
7155,2
7156,1
7157,1
7158,1
7159,0
7160,0
7161,2
7162,2
7163,2
7164,0
7165,0
7166,0
7167,2
7168,2
7169,2
7170,2
7171,0
7172,0
7173,0
7174,2
7175,2
7176,1
7177,1
7178,1
7179,1
7180,0
7181,2
7182,2
7183,0
7184,0
7185,2
7186,2
7187,2
7188,2
7189,0
7190,1
7191,1
7192,0
7193,0
7194,1
7195,1
7196,1
7197,1
7198,2
7199,2
7200,1
7201,0
7202,0
7203,0
7204,0
7205,0
7206,2
7207,2
7208,2
7209,2
7210,2
7211,2
7212,2
7213,2
7214,2
7215,2
7216,2
7217,2
7218,2
7219,2
7220,2
7221,2
7222,2
7223,2
7224,0
7225,0
7226,0
7227,0
7228,0
7229,0
7230,1
7231,1
7232,1
7233,1
7234,2
7235,2
7236,0
7237,0
7238,2
7239,2
7240,2
7241,2
7242,1
7243,1
7244,2
7245,2
7246,2
7247,2
7248,2
7249,2
7250,0
7251,2
7252,2
7253,2
7254,2
7255,1
7256,1
7257,1
7258,1
7259,0
7260,0
7261,0
7262,0
7263,0
7264,0
7265,0
7266,0
7267,0
7268,2
7269,1
7270,1
7271,1
7272,1
7273,1
7274,1
7275,1
7276,1
7277,0
7278,0
7279,0
7280,2
7281,2
7282,2
7283,2
7284,0
7285,0
7286,0
7287,1
7288,1
7289,1
7290,1
7291,2
7292,2
7293,2
7294,2
7295,2
7296,2
7297,2
7298,0
7299,0
7300,2
7301,2
7302,2
7303,2
7304,2
7305,2
7306,2
7307,2
7308,2
7309,0
7310,0
7311,0
7312,2
7313,2
7314,2
7315,2
7316,1
7317,2
7318,2
7319,2
7320,2
7321,2
7322,2
7323,0
7324,0
7325,0
7326,0
7327,0
7328,0
7329,2
7330,2
7331,2
7332,0
7333,0
7334,0
7335,2
7336,2
7337,2
7338,2
7339,2
7340,2
7341,2
7342,2
7343,1
7344,1
7345,1
7346,1
7347,2
7348,0
7349,0
7350,0
7351,0
7352,2
7353,2
7354,2
7355,2
7356,2
7357,2
7358,0
7359,1
7360,2
7361,2
7362,0
7363,2
7364,2
7365,2
7366,0
7367,1
7368,1
7369,2
7370,2
7371,2
7372,2
7373,2
7374,2
7375,2
7376,0
7377,2
7378,2
7379,2
7380,2
7381,2
7382,2
7383,2
7384,2
7385,2
7386,2
7387,1
7388,1
7389,1
7390,0
7391,0
7392,2
7393,2
7394,0
7395,0
7396,0
7397,1
7398,0
7399,0
7400,1
7401,0
7402,0
7403,1
7404,1
7405,1
7406,1
7407,0
7408,0
7409,2
7410,2
7411,2
7412,2
7413,2
7414,1
7415,1
7416,1
7417,0
7418,0
7419,2
7420,2
7421,0
7422,0
7423,2
7424,2
7425,2
7426,2
7427,0
7428,2
7429,2
7430,2
7431,2
7432,2
7433,2
7434,2
7435,2
7436,2
7437,2
7438,2
7439,1
7440,2
7441,2
7442,2
7443,2
7444,2
7445,2
7446,0
7447,2
7448,0
7449,0
7450,0
7451,0
7452,2
7453,2
7454,2
7455,2
7456,2
7457,2
7458,2
7459,0
7460,2
7461,2
7462,2
7463,2
7464,2
7465,0
7466,0
7467,0
7468,0
7469,2
7470,2
7471,0
7472,0
7473,0
7474,1
7475,2
7476,2
7477,0
7478,1
7479,0
7480,1
7481,1
7482,2
7483,0
7484,0
7485,0
7486,1
7487,1
7488,1
7489,1
7490,1
7491,0
7492,0
7493,2
7494,2
7495,1
7496,0
7497,1
7498,1
7499,1
7500,1
7501,2
7502,2
7503,2
7504,0
7505,0
7506,2
7507,2
7508,2
7509,2
7510,2
7511,0
7512,2
7513,2
7514,0
7515,2
7516,2
7517,2
7518,2
7519,2
7520,0
7521,0
7522,2
7523,2
7524,2
7525,2
7526,2
7527,2
7528,2
7529,2
7530,2
7531,2
7532,0
7533,0
7534,0
7535,0
7536,0
7537,2
7538,2
7539,2
7540,0
7541,0
7542,0
7543,0
7544,0
7545,0
7546,0
7547,0
7548,1
7549,1
7550,1
7551,0
7552,0
7553,0
7554,0
7555,2
7556,2
7557,2
7558,2
7559,0
7560,2
7561,2
7562,0
7563,2
7564,2
7565,0
7566,1
7567,1
7568,0
7569,0
7570,0
7571,0
7572,0
7573,0
7574,2
7575,2
7576,2
7577,1
7578,1
7579,1
7580,0
7581,2
7582,2
7583,2
7584,2
7585,2
7586,0
7587,0
7588,0
7589,0
7590,0
7591,2
7592,2
7593,2
7594,1
7595,1
7596,1
7597,1
7598,0
7599,2
7600,2
7601,2
7602,2
7603,0
7604,0
7605,0
7606,0
7607,2
7608,2
7609,2
7610,2
7611,0
7612,0
7613,2
7614,2
7615,0
7616,2
7617,2
7618,2
7619,0
7620,0
7621,0
7622,0
7623,0
7624,0
7625,0
7626,0
7627,0
7628,0
7629,0
7630,0
7631,0
7632,2
7633,2
7634,1
7635,2
7636,2
7637,2
7638,2
7639,2
7640,2
7641,2
7642,2
7643,2
7644,0
7645,0
7646,0
7647,0
7648,0
7649,0
7650,0
7651,0
7652,0
7653,0
7654,0
7655,0
7656,2
7657,2
7658,2
7659,2
7660,0
7661,0
7662,2
7663,2
7664,2
7665,2
7666,0
7667,2
7668,2
7669,1
7670,1
7671,1
7672,1
7673,2
7674,2
7675,2
7676,2
7677,2
7678,0
7679,2
7680,2
7681,0
7682,2
7683,1
7684,1
7685,1
7686,1
7687,1
7688,0
7689,0
7690,2
7691,2
7692,2
7693,2
7694,2
7695,2
7696,0
7697,1
7698,1
7699,1
7700,2
7701,2
7702,0
7703,0
7704,0
7705,0
7706,0
7707,0
7708,0
7709,0
7710,2
7711,1
7712,2
7713,2
7714,2
7715,2
7716,2
7717,2
7718,2
7719,2
7720,0
7721,2
7722,2
7723,0
7724,2
7725,2
7726,0
7727,0
7728,0
7729,0
7730,0
7731,2
7732,2
7733,1
7734,1
7735,1
7736,1
7737,1
7738,1
7739,1
7740,1
7741,2
7742,2
7743,0
7744,0
7745,0
7746,0
7747,2
7748,2
7749,0
7750,0
7751,0
7752,1
7753,1
7754,0
7755,2
7756,2
7757,2
7758,2
7759,1
7760,1
7761,1
7762,1
7763,1
7764,1
7765,2
7766,2
7767,2
7768,2
7769,2
7770,0
7771,0
7772,2
7773,2
7774,2
7775,2
7776,0
7777,2
7778,0
7779,0
7780,0
7781,0
7782,2
7783,2
7784,2
7785,2
7786,0
7787,0
7788,0
7789,0
7790,0
7791,0
7792,0
7793,0
7794,1
7795,0
7796,0
7797,1
7798,1
7799,2
7800,2
7801,2
7802,2
7803,0
7804,0
7805,0
7806,0
7807,2
7808,0
7809,0
7810,0
7811,0
7812,0
7813,1
7814,1
7815,1
7816,0
7817,0
7818,0
7819,0
7820,0
7821,1
7822,1
7823,1
7824,1
7825,0
7826,0
7827,0
7828,0
7829,0
7830,0
7831,0
7832,0
7833,0
7834,0
7835,2
7836,2
7837,2
7838,1
7839,1
7840,1
7841,1
7842,0
7843,2
7844,0
7845,2
7846,2
7847,2
7848,2
7849,0
7850,2
7851,2
7852,0
7853,0
7854,0
7855,0
7856,2
7857,2
7858,2
7859,2
7860,0
7861,0
7862,0
7863,2
7864,2
7865,2
7866,0
7867,0
7868,0
7869,0
7870,0
7871,1
7872,1
7873,1
7874,1
7875,1
7876,2
7877,0
7878,0
7879,1
7880,1
7881,1
7882,2
7883,0
7884,0
7885,2
7886,2
7887,2
7888,2
7889,2
7890,2
7891,2
7892,2
7893,2
7894,0
7895,2
7896,0
7897,0
7898,0
7899,0
7900,2
7901,2
7902,2
7903,2
7904,2
7905,2
7906,2
7907,2
7908,2
7909,2
7910,2
7911,2
7912,2
7913,0
7914,0
7915,0
7916,0
7917,0
7918,2
7919,2
7920,2
7921,2
7922,2
7923,2
7924,0
7925,0
7926,0
7927,0
7928,2
7929,2
7930,2
7931,2
7932,1
7933,1
7934,1
7935,0
7936,0
7937,0
7938,2
7939,2
7940,1
7941,0
7942,0
7943,1
7944,0
7945,0
7946,2
7947,2
7948,2
7949,2
7950,0
7951,0
7952,0
7953,2
7954,2
7955,0
7956,0
7957,0
7958,2
7959,2
7960,2
7961,2
7962,0
7963,0
7964,0
7965,0
7966,0
7967,0
7968,2
7969,2
7970,1
7971,1
7972,1
7973,2
7974,2
7975,2
7976,1
7977,1
7978,1
7979,1
7980,0
7981,0
7982,2
7983,2
7984,1
7985,1
7986,1
7987,0
7988,0
7989,0
7990,0
7991,0
7992,1
7993,2
7994,2
7995,0
7996,0
7997,0
7998,1
7999,0
8000,2
8001,2
8002,2
8003,2
8004,2
8005,2
8006,0
8007,2
8008,0
8009,0
8010,2
8011,2
8012,2
8013,2
8014,2
8015,2
8016,2
8017,0
8018,0
8019,0
8020,0
8021,0
8022,2
8023,1
8024,1
8025,1
8026,2
8027,2
8028,2
8029,0
8030,0
8031,0
8032,2
8033,2
8034,1
8035,1
8036,1
8037,0
8038,0
8039,2
8040,2
8041,2
8042,2
8043,2
8044,2
8045,0
8046,0
8047,0
8048,0
8049,0
8050,0
8051,0
8052,2
8053,2
8054,0
8055,0
8056,0
8057,0
8058,0
8059,0
8060,0
8061,0
8062,0
8063,0
8064,2
8065,2
8066,2
8067,0
8068,0
8069,1
8070,1
8071,1
8072,0
8073,0
8074,1
8075,1
8076,0
8077,0
8078,0
8079,0
8080,2
8081,2
8082,0
8083,0
8084,0
8085,2
8086,2
8087,2
8088,0
8089,0
8090,0
8091,0
8092,1
8093,1
8094,1
8095,0
8096,0
8097,0
8098,0
8099,0
8100,0
8101,0
8102,0
8103,1
8104,1
8105,1
8106,2
8107,2
8108,0
8109,0
8110,0
8111,2
8112,0
8113,0
8114,2
8115,2
8116,2
8117,0
8118,0
8119,0
8120,0
8121,2
8122,2
8123,2
8124,1
8125,0
8126,0
8127,1
8128,1
8129,1
8130,1
8131,2
8132,2
8133,2
8134,2
8135,0
8136,0
8137,0
8138,0
8139,2
8140,2
8141,2
8142,0
8143,0
8144,1
8145,0
8146,0
8147,0
8148,0
8149,2
8150,2
8151,2
8152,2
8153,2
8154,2
8155,2
8156,2
8157,2
8158,2
8159,0
8160,0
8161,0
8162,0
8163,2
8164,2
8165,2
8166,2
8167,2
8168,2
8169,2
8170,2
8171,2
8172,0
8173,0
8174,0
8175,0
8176,0
8177,0
8178,2
8179,1
8180,1
8181,1
8182,1
8183,1
8184,2
8185,2
8186,2
8187,2
8188,2
8189,2
8190,2
8191,2
8192,2
8193,2
8194,0
8195,2
8196,2
8197,2
8198,2
8199,0
8200,0
8201,2
8202,2
8203,2
8204,2
8205,2
8206,2
8207,2
8208,2
8209,0
8210,0
8211,2
8212,2
8213,0
8214,2
8215,0
8216,0
8217,0
8218,0
8219,2
8220,2
8221,0
8222,2
8223,2
8224,0
8225,0
8226,0
8227,1
8228,1
8229,1
8230,0
8231,0
8232,0
8233,0
8234,0
8235,0
8236,2
8237,2
8238,2
8239,2
8240,2
8241,2
8242,2
8243,2
8244,2
8245,2
8246,2
8247,2
8248,2
8249,2
8250,2
8251,0
8252,0
8253,2
8254,2
8255,2
8256,2
8257,0
8258,2
8259,2
8260,2
8261,2
8262,2
8263,2
8264,0
8265,0
8266,0
8267,1
8268,0
8269,2
8270,2
8271,2
8272,2
8273,2
8274,0
8275,2
8276,1
8277,1
8278,1
8279,1
8280,2
8281,2
8282,1
8283,1
8284,1
8285,0
8286,0
8287,0
8288,0
8289,0
8290,2
8291,0
8292,0
8293,0
8294,0
8295,2
8296,2
8297,0
8298,2
8299,2
8300,0
8301,0
8302,0
8303,0
8304,0
8305,0
8306,0
8307,0
8308,0
8309,0
8310,2
8311,2
8312,2
8313,1
8314,0
8315,1
8316,1
8317,2
8318,2
8319,1
8320,0
8321,0
8322,0
8323,0
8324,0
8325,0
8326,2
8327,0
8328,0
8329,0
8330,1
8331,1
8332,1
8333,0
8334,0
8335,0
8336,2
8337,2
8338,2
8339,2
8340,2
8341,2
8342,2
8343,0
8344,0
8345,0
8346,0
8347,0
8348,0
8349,2
8350,2
8351,2
8352,0
8353,0
8354,0
8355,2
8356,0
8357,0
8358,0
8359,0
8360,2
8361,0
8362,0
8363,0
8364,0
8365,2
8366,2
8367,2
8368,2
8369,2
8370,0
8371,0
8372,0
8373,0
8374,0
8375,0
8376,0
8377,2
8378,2
8379,2
8380,2
8381,2
8382,2
8383,2
8384,2
8385,2
8386,2
8387,2
8388,2
8389,1
8390,1
8391,1
8392,1
8393,2
8394,2
8395,0
8396,0
8397,0
8398,0
8399,2
8400,2
8401,2
8402,2
8403,2
8404,0
8405,0
8406,0
8407,2
8408,2
8409,0
8410,0
8411,0
8412,0
8413,1
8414,1
8415,2
8416,0
8417,0
8418,0
8419,0
8420,0
8421,0
8422,1
8423,1
8424,1
8425,1
8426,2
8427,0
8428,0
8429,1
8430,2
8431,2
8432,0
8433,0
8434,0
8435,2
8436,0
8437,2
8438,0
8439,0
8440,0
8441,0
8442,0
8443,2
8444,1
8445,2
8446,2
8447,2
8448,1
8449,1
8450,1
8451,1
8452,2
8453,2
8454,2
8455,1
8456,1
8457,0
8458,0
8459,2
8460,2
8461,2
8462,2
8463,2
8464,2
8465,0
8466,1
8467,1
8468,1
8469,2
8470,2
8471,0
8472,0
8473,2
8474,1
8475,0
8476,2
8477,2
8478,2
8479,2
8480,2
8481,0
8482,2
8483,2
8484,1
8485,2
8486,0
8487,0
8488,0
8489,0
8490,1
8491,1
8492,1
8493,1
8494,0
8495,2
8496,2
8497,0
8498,0
8499,2
8500,0
8501,0
8502,0
8503,0
8504,2
8505,2
8506,2
8507,2
8508,0
8509,0
8510,2
8511,1
8512,2
8513,1
8514,2
8515,2
8516,0
8517,2
8518,2
8519,2
8520,0
8521,2
8522,1
8523,0
8524,0
8525,0
8526,0
8527,2
8528,2
8529,1
8530,1
8531,1
8532,2
8533,2
8534,0
8535,0
8536,0
8537,0
8538,0
8539,0
8540,0
8541,0
8542,2
8543,2
8544,0
8545,0
8546,0
8547,0
8548,0
8549,2
8550,2
8551,2
8552,0
8553,0
8554,0
8555,1
8556,1
8557,2
8558,0
8559,0
8560,0
8561,0
8562,1
8563,1
8564,2
8565,2
8566,2
8567,2
8568,1
8569,0
8570,2
8571,2
8572,2
8573,2
8574,2
8575,2
8576,2
8577,0
8578,0
8579,0
8580,0
8581,0
8582,2
8583,2
8584,0
8585,0
8586,0
8587,0
8588,0
8589,2
8590,2
8591,2
8592,0
8593,0
8594,0
8595,2
8596,2
8597,2
8598,0
8599,2
8600,2
8601,2
8602,2
8603,1
8604,0
8605,0
8606,0
8607,2
8608,1
8609,1
8610,1
8611,1
8612,1
8613,1
8614,0
8615,0
8616,0
8617,2
8618,0
8619,0
8620,2
8621,2
8622,2
8623,2
8624,2
8625,2
8626,0
8627,2
8628,2
8629,0
8630,0
8631,0
8632,0
8633,2
8634,1
8635,1
8636,1
8637,1
8638,2
8639,1
8640,2
8641,2
8642,2
8643,2
8644,2
8645,1
8646,1
8647,0
8648,0
8649,0
8650,0
8651,0
8652,0
8653,2
8654,0
8655,0
8656,0
8657,0
8658,0
8659,0
8660,0
8661,0
8662,0
8663,0
8664,0
8665,0
8666,2
8667,0
8668,0
8669,0
8670,0
8671,1
8672,1
8673,1
8674,2
8675,1
8676,1
8677,1
8678,1
8679,2
8680,1
8681,1
8682,1
8683,1
8684,2
8685,2
8686,0
8687,0
8688,0
8689,0
8690,2
8691,2
8692,0
8693,0
8694,0
8695,0
8696,0
8697,0
8698,0
8699,2
8700,0
8701,0
8702,1
8703,1
8704,1
8705,2
8706,1
8707,0
8708,2
8709,2
8710,2
8711,2
8712,2
8713,0
8714,0
8715,0
8716,2
8717,2
8718,2
8719,2
8720,2
8721,1
8722,1
8723,0
8724,0
8725,0
8726,1
8727,0
8728,0
8729,0
8730,0
8731,0
8732,0
8733,1
8734,2
8735,1
8736,1
8737,1
8738,1
8739,0
8740,2
8741,2
8742,2
8743,2
8744,0
8745,1
8746,1
8747,1
8748,1
8749,1
8750,2
8751,0
8752,2
8753,0
8754,2
8755,2
8756,1
8757,1
8758,1
8759,0
8760,0
8761,0
8762,0
8763,2
8764,0
8765,0
8766,0
8767,2
8768,2
8769,2
8770,2
8771,1
8772,1
8773,1
8774,1
8775,1
8776,1
8777,1
8778,1
8779,1
8780,1
8781,1
8782,1
8783,0
8784,0
8785,0
8786,0
8787,0
8788,1
8789,1
8790,1
8791,1
8792,1
8793,1
8794,1
8795,1
8796,0
8797,0
8798,0
8799,0
8800,0
8801,0
8802,0
8803,0
8804,2
8805,0
8806,1
8807,1
8808,1
8809,2
8810,0
8811,0
8812,0
8813,0
8814,0
8815,2
8816,2
8817,2
8818,2
8819,1
8820,2
8821,0
8822,0
8823,0
8824,0
8825,0
8826,2
8827,2
8828,2
8829,2
8830,1
8831,0
8832,2
8833,2
8834,2
8835,0
8836,2
8837,0
8838,0
8839,0
8840,0
8841,0
8842,1
8843,0
8844,0
8845,0
8846,0
8847,0
8848,0
8849,2
8850,2
8851,1
8852,2
8853,2
8854,2
8855,0
8856,0
8857,1
8858,1
8859,1
8860,1
8861,1
8862,2
8863,2
8864,2
8865,0
8866,2
8867,2
8868,1
8869,1
8870,1
8871,1
8872,0
8873,0
8874,0
8875,0
8876,0
8877,0
8878,0
8879,0
8880,0
8881,1
8882,1
8883,2
8884,2
8885,2
8886,1
8887,1
8888,1
8889,1
8890,2
8891,2
8892,2
8893,2
8894,1
8895,1
8896,1
8897,2
8898,2
8899,2
8900,2
8901,2
8902,2
8903,2
8904,2
8905,2
8906,0
8907,0
8908,0
8909,0
8910,0
8911,0
8912,1
8913,1
8914,1
8915,0
8916,2
8917,2
8918,2
8919,2
8920,2
8921,2
8922,2
8923,2
8924,2
8925,2
8926,0
8927,1
8928,1
8929,2
8930,2
8931,1
8932,0
8933,2
8934,1
8935,1
8936,1
8937,1
8938,0
8939,2
8940,2
8941,2
8942,2
8943,0
8944,0
8945,0
8946,0
8947,0
8948,2
8949,2
8950,2
8951,2
8952,2
8953,2
8954,2
8955,0
8956,1
8957,1
8958,0
8959,0
8960,0
8961,2
8962,1
8963,1
8964,0
8965,0
8966,0
8967,0
8968,2
8969,1
8970,1
8971,1
8972,2
8973,2
8974,0
8975,0
8976,2
8977,2
8978,2
8979,2
8980,0
8981,1
8982,1
8983,1
8984,1
8985,1
8986,0
8987,2
8988,2
8989,2
8990,2
8991,0
8992,2
8993,1
8994,1
8995,1
8996,1
8997,1
8998,1
8999,2
9000,2
9001,2
9002,2
9003,2
9004,1
9005,1
9006,2
9007,2
9008,2
9009,2
9010,2
9011,2
9012,0
9013,2
9014,2
9015,2
9016,1
9017,1
9018,1
9019,2
9020,2
9021,1
9022,1
9023,1
9024,1
9025,0
9026,0
9027,2
9028,2
9029,0
9030,0
9031,0
9032,2
9033,0
9034,0
9035,0
9036,0
9037,2
9038,2
9039,0
9040,0
9041,0
9042,1
9043,1
9044,1
9045,1
9046,0
9047,0
9048,0
9049,2
9050,2
9051,0
9052,0
9053,0
9054,0
9055,2
9056,2
9057,2
9058,2
9059,2
9060,2
9061,2
9062,2
9063,0
9064,0
9065,1
9066,0
9067,0
9068,2
9069,2
9070,2
9071,2
9072,2
9073,0
9074,0
9075,1
9076,0
9077,0
9078,2
9079,2
9080,2
9081,2
9082,1
9083,0
9084,0
9085,0
9086,0
9087,0
9088,0
9089,0
9090,2
9091,2
9092,1
9093,1
9094,0
9095,0
9096,1
9097,1
9098,1
9099,2
9100,2
9101,0
9102,2
9103,2
9104,1
9105,1
9106,1
9107,1
9108,0
9109,0
9110,0
9111,2
9112,1
9113,1
9114,1
9115,2
9116,2
9117,0
9118,0
9119,1
9120,1
9121,1
9122,1
9123,1
9124,1
9125,2
9126,2
9127,2
9128,0
9129,1
9130,1
9131,1
9132,2
9133,0
9134,0
9135,2
9136,0
9137,2
9138,2
9139,1
9140,1
9141,1
9142,1
9143,1
9144,1
9145,1
9146,1
9147,0
9148,0
9149,1
9150,1
9151,1
9152,2
9153,0
9154,0
9155,0
9156,0
9157,2
9158,0
9159,1
9160,1
9161,1
9162,1
9163,1
9164,1
9165,0
9166,0
9167,0
9168,0
9169,1
9170,1
9171,1
9172,0
9173,0
9174,1
9175,1
9176,1
9177,1
9178,1
9179,1
9180,0
9181,0
9182,0
9183,1
9184,2
9185,2
9186,2
9187,1
9188,0
9189,2
9190,0
9191,0
9192,1
9193,1
9194,0
9195,2
9196,0
9197,1
9198,1
9199,1
9200,1
9201,1
9202,1
9203,1
9204,1
9205,0
9206,0
9207,0
9208,0
9209,2
9210,2
9211,0
9212,2
9213,2
9214,1
9215,1
9216,1
9217,2
9218,2
9219,0
9220,0
9221,0
9222,0
9223,1
9224,1
9225,1
9226,1
9227,1
9228,1
9229,1
9230,1
9231,1
9232,1
9233,1
9234,1
9235,1
9236,1
9237,1
9238,2
9239,2
9240,2
9241,2
9242,1
9243,0
9244,0
9245,2
9246,2
9247,0
9248,1
9249,1
9250,1
9251,1
9252,1
9253,2
9254,2
9255,0
9256,1
9257,1
9258,2
9259,1
9260,1
9261,1
9262,2
9263,2
9264,2
9265,2
9266,2
9267,2
9268,2
9269,2
9270,1
9271,1
9272,1
9273,1
9274,1
9275,1
9276,2
9277,0
9278,0
9279,2
9280,2
9281,2
9282,2
9283,2
9284,2
9285,1
9286,1
9287,1
9288,1
9289,1
9290,1
9291,0
9292,2
9293,1
9294,1
9295,1
9296,0
9297,0
9298,2
9299,1
9300,1
9301,1
9302,2
9303,2
9304,1
9305,1
9306,1
9307,2
9308,0
9309,0
9310,1
9311,1
9312,1
9313,2
9314,1
9315,1
9316,1
9317,1
9318,1
9319,1
9320,0
9321,0
9322,2
9323,2
9324,2
9325,2
9326,1
9327,0
9328,1
9329,0
9330,0
9331,2
9332,2
9333,2
9334,2
9335,2
9336,0
9337,1
9338,1
9339,0
9340,0
9341,0
9342,2
9343,2
9344,0
9345,1
9346,1
9347,1
9348,1
9349,0
9350,2
9351,2
9352,2
9353,2
9354,2
9355,2
9356,0
9357,0
9358,0
9359,0
9360,2
9361,2
9362,2
9363,0
9364,0
9365,0
9366,2
9367,0
9368,0
9369,0
9370,1
9371,0
9372,1
9373,1
9374,2
9375,2
9376,1
9377,1
9378,2
9379,0
9380,0
9381,0
9382,2
9383,0
9384,2
9385,0
9386,0
9387,0
9388,0
9389,2
9390,2
9391,2
9392,2
9393,2
9394,0
9395,0
9396,2
9397,2
9398,0
9399,0
9400,0
9401,1
9402,2
9403,1
9404,1
9405,2
9406,2
9407,2
9408,2
9409,0
9410,1
9411,1
9412,2
9413,2
9414,2
9415,2
9416,2
9417,0
9418,1
9419,1
9420,2
9421,2
9422,2
9423,2
9424,0
9425,2
9426,0
9427,1
9428,1
9429,1
9430,2
9431,0
9432,0
9433,0
9434,1
9435,1
9436,1
9437,1
9438,1
9439,0
9440,0
9441,0
9442,0
9443,1
9444,1
9445,1
9446,1
9447,1
9448,1
9449,2
9450,1
9451,1
9452,0
9453,0
9454,0
9455,0
9456,0
9457,0
9458,0
9459,0
9460,0
9461,0
9462,0
9463,0
9464,2
9465,1
9466,1
9467,1
9468,1
9469,1
9470,1
9471,1
9472,2
9473,2
9474,0
9475,2
9476,2
9477,2
9478,2
9479,1
9480,1
9481,1
9482,1
9483,0
9484,0
9485,0
9486,0
9487,2
9488,2
9489,1
9490,1
9491,1
9492,1
9493,1
9494,0
9495,0
9496,0
9497,2
9498,2
9499,2
9500,2
9501,0
9502,0
9503,0
9504,2
9505,2
9506,0
9507,0
9508,0
9509,2
9510,1
9511,1
9512,1
9513,2
9514,2
9515,2
9516,1
9517,1
9518,0
9519,1
9520,1
9521,2
9522,2
9523,2
9524,2
9525,2
9526,2
9527,2
9528,2
9529,2
9530,2
9531,2
9532,2
9533,2
9534,2
9535,2
9536,2
9537,2
9538,2
9539,2
9540,2
9541,2
9542,2
9543,1
9544,1
9545,1
9546,1
9547,1
9548,1
9549,1
9550,0
9551,0
9552,0
9553,0
9554,2
9555,1
9556,1
9557,2
9558,1
9559,1
9560,1
9561,0
9562,0
9563,0
9564,0
9565,2
9566,2
9567,2
9568,0
9569,0
9570,0
9571,0
9572,2
9573,2
9574,1
9575,0
9576,0
9577,0
9578,0
9579,2
9580,1
9581,1
9582,2
9583,2
9584,2
9585,2
9586,2
9587,2
9588,1
9589,1
9590,1
9591,2
9592,0
9593,0
9594,0
9595,1
9596,1
9597,1
9598,0
9599,0
9600,0
9601,0
9602,2
9603,2
9604,2
9605,2
9606,2
9607,2
9608,1
9609,1
9610,2
9611,2
9612,0
9613,0
9614,0
9615,2
9616,2
9617,0
9618,0
9619,0
9620,0
9621,2
9622,2
9623,1
9624,0
9625,0
9626,0
9627,0
9628,2
9629,2
9630,0
9631,2
9632,2
9633,0
9634,0
9635,0
9636,0
9637,2
9638,2
9639,2
9640,2
9641,2
9642,2
9643,2
9644,2
9645,2
9646,2
9647,0
9648,0
9649,2
9650,2
9651,2
9652,2
9653,2
9654,2
9655,2
9656,2
9657,2
9658,2
9659,2
9660,2
9661,1
9662,1
9663,1
9664,2
9665,2
9666,1
9667,1
9668,2
9669,2
9670,0
9671,1
9672,1
9673,1
9674,0
9675,0
9676,0
9677,0
9678,2
9679,2
9680,2
9681,2
9682,2
9683,2
9684,2
9685,2
9686,2
9687,2
9688,2
9689,2
9690,2
9691,2
9692,2
9693,1
9694,1
9695,1
9696,2
9697,2
9698,2
9699,2
9700,2
9701,2
9702,2
9703,2
9704,2
9705,2
9706,2
9707,2
9708,2
9709,2
9710,2
9711,2
9712,2
9713,2
9714,2
9715,2
9716,2
9717,2
9718,2
9719,2
9720,0
9721,2
9722,1
9723,1
9724,1
9725,2
9726,2
9727,2
9728,2
9729,2
9730,2
9731,2
9732,2
9733,2
9734,2
9735,2
9736,0
9737,0
9738,0
9739,0
9740,2
9741,2
9742,2
9743,2
9744,1
9745,1
9746,1
9747,1
9748,0
9749,2
9750,2
9751,2
9752,2
9753,0
9754,0
9755,0
9756,0
9757,0
9758,0
9759,0
9760,0
9761,0
9762,0
9763,2
9764,2
9765,2
9766,0
9767,0
9768,2
9769,2
9770,2
9771,2
9772,2
9773,2
9774,2
9775,2
9776,2
9777,2
9778,2
9779,2
9780,2
9781,2
9782,1
9783,1
9784,1
9785,2
9786,2
9787,2
9788,2
9789,2
9790,2
9791,0
9792,0
9793,0
9794,0
9795,2
9796,2
9797,2
9798,2
9799,2
9800,2
9801,2
9802,2
9803,2
9804,2
9805,2
9806,2
9807,2
9808,2
9809,2
9810,1
9811,1
9812,1
9813,1
9814,1
9815,2
9816,2
9817,2
9818,2
9819,2
9820,2
9821,2
9822,2
9823,0
9824,0
9825,0
9826,0
9827,1
9828,1
9829,2
9830,2
9831,1
9832,1
9833,1
9834,2
9835,2
9836,1
9837,1
9838,1
9839,1
9840,2
9841,2
9842,2
9843,2
9844,2
9845,2
9846,2
9847,2
9848,2
9849,2
9850,2
9851,2
9852,2
9853,2
9854,2
9855,2
9856,2
9857,2
9858,2
9859,2
9860,2
9861,2
9862,2
9863,2
9864,2
9865,2
9866,2
9867,2
9868,2
9869,2
9870,0
9871,0
9872,1
9873,1
9874,1
9875,2
9876,2
9877,2
9878,2
9879,2
9880,2
9881,2
9882,2
9883,2
9884,2
9885,0
9886,0
9887,0
9888,0
9889,2
9890,2
9891,2
9892,2
9893,2
9894,2
9895,1
9896,1
9897,1
9898,2
9899,2
9900,2
9901,2
9902,2
9903,2
9904,1
9905,1
9906,1
9907,2
9908,2
9909,2
9910,2
9911,1
9912,1
9913,1
9914,2
9915,2
9916,2
9917,2
9918,0
9919,0
9920,0
9921,0
9922,2
9923,2
9924,2
9925,2
9926,2
9927,2
9928,0
9929,0
9930,0
9931,0
9932,2
9933,2
9934,2
9935,2
9936,2
9937,2
9938,1
9939,1
9940,1
9941,0
9942,0
9943,0
9944,0
9945,1
9946,1
9947,2
9948,2
9949,2
9950,2
9951,2
9952,2
9953,2
9954,2
9955,0
9956,0
9957,0
9958,0
9959,2
9960,2
9961,2
9962,2
9963,2
9964,2
9965,2
9966,2
9967,2
9968,2
9969,2
9970,0
9971,0
9972,0
9973,0
9974,0
9975,0
9976,0
9977,0
9978,1
9979,1
9980,2
9981,2
9982,2
9983,2
9984,2
9985,2
9986,2
9987,1
9988,1
9989,1
9990,0
9991,0
9992,2
9993,2
9994,2
9995,2
9996,2
9997,2
9998,2
9999,2
10000,2
10001,2
10002,1
10003,1
10004,1
10005,1
10006,1
10007,1
10008,0
10009,0
10010,0
10011,0
10012,0
10013,0
10014,0
10015,0
10016,0
10017,0
10018,0
10019,0
10020,0
10021,0
10022,0
10023,0
10024,0
10025,0
10026,0
10027,0
10028,0
10029,0
10030,0
10031,0
10032,0
10033,0
10034,0
10035,0
10036,0
10037,0
10038,0
10039,0
10040,0
10041,0
10042,0
10043,0
10044,0
10045,0
10046,0
10047,0
10048,1
10049,1
10050,0
10051,0
10052,0
10053,0
10054,0
10055,0
10056,0
10057,0
10058,0
10059,0
10060,0
10061,0
10062,0
10063,0
10064,1
10065,1
10066,0
10067,0
10068,0
10069,0
10070,0
10071,0
10072,0
10073,0
10074,0
10075,0
10076,0
10077,0
10078,0
10079,0
10080,0
10081,0
10082,0
10083,0
10084,0
10085,0
10086,0
10087,0
10088,0
10089,0
10090,0
10091,0
10092,1
10093,1
10094,1
10095,0
10096,0
10097,0
10098,0
10099,0
10100,0
10101,0
10102,0
10103,0
10104,0
10105,0
10106,0
10107,0
10108,0
10109,0
10110,0
10111,0
10112,0
10113,0
10114,0
10115,0
10116,0
10117,0
10118,0
10119,0
10120,0
10121,0
10122,0
10123,1
10124,1
10125,1
10126,1
10127,1
10128,0
10129,0
10130,0
10131,0
10132,0
10133,0
10134,0
10135,0
10136,0
10137,0
10138,0
10139,0
10140,0
10141,0
10142,0
10143,0
10144,2
10145,2
10146,0
10147,0
10148,0
10149,0
10150,0
10151,0
10152,1
10153,1
10154,0
10155,0
10156,0
10157,0
10158,0
10159,0
10160,0
10161,0
10162,0
10163,0
10164,0
10165,0
10166,0
10167,0
10168,0
10169,0
10170,1
10171,1
10172,1
10173,1
10174,1
10175,0
10176,0
10177,0
10178,0
10179,0
10180,0
10181,0
10182,0
10183,0
10184,0
10185,0
10186,0
10187,0
10188,0
10189,0
10190,0
10191,0
10192,0
10193,0
10194,0
10195,0
10196,0
10197,0
10198,0
10199,0
10200,0
10201,0
10202,0
10203,1
10204,1
10205,1
10206,1
10207,1
10208,1
10209,1
10210,1
10211,1
10212,1
10213,0
10214,0
10215,0
10216,0
10217,0
10218,0
10219,0
10220,0
10221,0
10222,0
10223,0
10224,0
10225,0
10226,0
10227,1
10228,1
10229,1
10230,1
10231,1
10232,0
10233,0
10234,0
10235,0
10236,1
10237,1
10238,0
10239,0
10240,0
10241,0
10242,0
10243,0
10244,1
10245,1
10246,1
10247,1
10248,1
10249,1
10250,1
10251,1
10252,2
10253,2
10254,1
10255,1
10256,1
10257,1
10258,1
10259,1
10260,1
10261,1
10262,1
10263,1
10264,1
10265,1
10266,1
10267,1
10268,1
10269,1
10270,1
10271,1
10272,1
10273,1
10274,1
10275,1
10276,1
10277,1
10278,1
10279,1
10280,1
10281,1
10282,1
10283,1
10284,1
10285,1
10286,1
10287,1
10288,1
10289,1
10290,1
10291,1
10292,1
10293,1
10294,1
10295,1
10296,1
10297,1
10298,1
10299,1
10300,1
10301,1
10302,1
10303,1
10304,1
10305,1
10306,1
10307,1
10308,1
10309,1
10310,1
10311,1
10312,1
10313,1
10314,1
10315,1
10316,1
10317,1
10318,1
10319,1
10320,1
